-- Valentina Studio --
-- MySQL dump --
-- ---------------------------------------------------------


/*!40101 SET @OLD_CHARACTER_SET_CLIENT=@@CHARACTER_SET_CLIENT */;
/*!40101 SET @OLD_CHARACTER_SET_RESULTS=@@CHARACTER_SET_RESULTS */;
/*!40101 SET @OLD_COLLATION_CONNECTION=@@COLLATION_CONNECTION */;
/*!40014 SET @OLD_FOREIGN_KEY_CHECKS=@@FOREIGN_KEY_CHECKS, FOREIGN_KEY_CHECKS=0 */;
/*!40101 SET @OLD_SQL_MODE=@@SQL_MODE, SQL_MODE='NO_AUTO_VALUE_ON_ZERO' */;
-- ---------------------------------------------------------


-- DROP DATABASE "travel_agency" ---------------------------
DROP DATABASE IF EXISTS `travel_agency`;
-- ---------------------------------------------------------


-- CREATE DATABASE "travel_agency" -------------------------
CREATE DATABASE `travel_agency` CHARACTER SET utf8mb4 COLLATE utf8mb4_0900_ai_ci;
USE `travel_agency`;
-- ---------------------------------------------------------


-- CREATE TABLE "flights" --------------------------------------
CREATE TABLE `flights`( 
	`flight_id` Int( 0 ) UNSIGNED AUTO_INCREMENT NOT NULL,
	`from_city` VarChar( 100 ) CHARACTER SET utf8mb4 COLLATE utf8mb4_0900_ai_ci NOT NULL,
	`to_city` VarChar( 100 ) CHARACTER SET utf8mb4 COLLATE utf8mb4_0900_ai_ci NOT NULL,
	`flight_type` Enum( 'economy', 'business', 'first_class' ) CHARACTER SET utf8mb4 COLLATE utf8mb4_0900_ai_ci NOT NULL,
	`price` Decimal( 10, 2 ) UNSIGNED NOT NULL,
	`flight_time_hours` Decimal( 5, 2 ) UNSIGNED NOT NULL COMMENT 'in hours',
	`distance_km` Decimal( 10, 2 ) UNSIGNED NOT NULL,
	`agency` VarChar( 100 ) CHARACTER SET utf8mb4 COLLATE utf8mb4_0900_ai_ci NOT NULL,
	`direction` Enum( 'outbound', 'return' ) CHARACTER SET utf8mb4 COLLATE utf8mb4_0900_ai_ci NOT NULL,
	`flight_date` Date NOT NULL,
	`created_at` Timestamp NOT NULL DEFAULT CURRENT_TIMESTAMP,
	PRIMARY KEY ( `flight_id` ) )
CHARACTER SET = utf8mb4
COLLATE = utf8mb4_0900_ai_ci
ENGINE = InnoDB
AUTO_INCREMENT = 101;
-- -------------------------------------------------------------


-- CREATE TABLE "hotels" ---------------------------------------
CREATE TABLE `hotels`( 
	`hotel_id` Int( 0 ) UNSIGNED AUTO_INCREMENT NOT NULL,
	`hotel_name` VarChar( 100 ) CHARACTER SET utf8mb4 COLLATE utf8mb4_0900_ai_ci NOT NULL,
	`city` VarChar( 100 ) CHARACTER SET utf8mb4 COLLATE utf8mb4_0900_ai_ci NOT NULL,
	`price_per_day` Decimal( 10, 2 ) UNSIGNED NOT NULL,
	`star_rating` TinyInt( 0 ) UNSIGNED NOT NULL,
	`established_date` Date NOT NULL,
	`created_at` Timestamp NOT NULL DEFAULT CURRENT_TIMESTAMP,
	PRIMARY KEY ( `hotel_id` ) )
CHARACTER SET = utf8mb4
COLLATE = utf8mb4_0900_ai_ci
ENGINE = InnoDB
AUTO_INCREMENT = 101;
-- -------------------------------------------------------------


-- CREATE TABLE "trips" ----------------------------------------
CREATE TABLE `trips`( 
	`trip_id` Int( 0 ) UNSIGNED AUTO_INCREMENT NOT NULL,
	`trip_start_date` Date NOT NULL,
	`trip_end_date` Date NOT NULL,
	`user_id` Int( 0 ) UNSIGNED NOT NULL,
	`hotel_id` Int( 0 ) UNSIGNED NULL DEFAULT NULL,
	`days` Int( 0 ) UNSIGNED NOT NULL,
	`total_hotel_price` Decimal( 10, 2 ) UNSIGNED NOT NULL,
	`check_in_date` Date NOT NULL,
	`check_out_date` Date NULL DEFAULT NULL,
	`outbound_flight_id` Int( 0 ) UNSIGNED NULL DEFAULT NULL,
	`return_flight_id` Int( 0 ) UNSIGNED NULL DEFAULT NULL,
	`total_flight_price` Decimal( 10, 2 ) UNSIGNED NOT NULL,
	`STATUS` Enum( 'pending', 'confirmed', 'completed', 'cancelled' ) CHARACTER SET utf8mb4 COLLATE utf8mb4_0900_ai_ci NOT NULL DEFAULT 'confirmed',
	`total_trip_cost` Decimal( 10, 2 ) NULL DEFAULT NULL,
	`created_at` Timestamp NOT NULL DEFAULT CURRENT_TIMESTAMP,
	`updated_at` Timestamp NOT NULL ON UPDATE CURRENT_TIMESTAMP DEFAULT CURRENT_TIMESTAMP,
	PRIMARY KEY ( `trip_id` ) )
CHARACTER SET = utf8mb4
COLLATE = utf8mb4_0900_ai_ci
ENGINE = InnoDB
AUTO_INCREMENT = 595;
-- -------------------------------------------------------------


-- CREATE TABLE "users" ----------------------------------------
CREATE TABLE `users`( 
	`user_id` Int( 0 ) UNSIGNED AUTO_INCREMENT NOT NULL,
	`NAME` VarChar( 100 ) CHARACTER SET utf8mb4 COLLATE utf8mb4_0900_ai_ci NOT NULL,
	`gender` Enum( 'male', 'female', 'none' ) CHARACTER SET utf8mb4 COLLATE utf8mb4_0900_ai_ci NOT NULL,
	`birth_date` Date NOT NULL,
	`marital_status` Enum( 'single', 'married', 'divorced' ) CHARACTER SET utf8mb4 COLLATE utf8mb4_0900_ai_ci NOT NULL,
	`occupation` VarChar( 100 ) CHARACTER SET utf8mb4 COLLATE utf8mb4_0900_ai_ci NOT NULL,
	`company` VarChar( 100 ) CHARACTER SET utf8mb4 COLLATE utf8mb4_0900_ai_ci NOT NULL,
	`created_at` Timestamp NOT NULL DEFAULT CURRENT_TIMESTAMP,
	PRIMARY KEY ( `user_id` ) )
CHARACTER SET = utf8mb4
COLLATE = utf8mb4_0900_ai_ci
ENGINE = InnoDB
AUTO_INCREMENT = 101;
-- -------------------------------------------------------------


-- Dump data of "flights" ----------------------------------
BEGIN;

INSERT INTO `flights`(`flight_id`,`from_city`,`to_city`,`flight_type`,`price`,`flight_time_hours`,`distance_km`,`agency`,`direction`,`flight_date`,`created_at`) VALUES 
( '1', 'New York', 'Los Angeles', 'economy', '299.99', '6.50', '3940.00', 'Sky Airlines', 'outbound', '2024-01-15', '2025-11-12 22:01:03' ),
( '2', 'Los Angeles', 'New York', 'economy', '289.99', '6.50', '3940.00', 'Sky Airlines', 'return', '2024-01-22', '2025-11-12 22:01:03' ),
( '3', 'Chicago', 'Miami', 'business', '459.50', '3.25', '1915.00', 'Global Air', 'outbound', '2024-02-10', '2025-11-12 22:01:03' ),
( '4', 'Miami', 'Chicago', 'business', '449.50', '3.25', '1915.00', 'Global Air', 'return', '2024-02-17', '2025-11-12 22:01:03' ),
( '5', 'San Francisco', 'Las Vegas', 'economy', '129.99', '1.75', '671.00', 'West Coast Air', 'outbound', '2024-03-05', '2025-11-12 22:01:03' ),
( '6', 'Las Vegas', 'San Francisco', 'economy', '119.99', '1.75', '671.00', 'West Coast Air', 'return', '2024-03-12', '2025-11-12 22:01:03' ),
( '7', 'Seattle', 'Denver', 'economy', '189.75', '2.50', '1308.00', 'Mountain Air', 'outbound', '2024-01-20', '2025-11-12 22:01:03' ),
( '8', 'Denver', 'Seattle', 'economy', '179.75', '2.50', '1308.00', 'Mountain Air', 'return', '2024-01-27', '2025-11-12 22:01:03' ),
( '9', 'Boston', 'Washington DC', 'first_class', '399.00', '1.50', '632.00', 'East Coast Express', 'outbound', '2024-02-28', '2025-11-12 22:01:03' ),
( '10', 'Washington DC', 'Boston', 'first_class', '389.00', '1.50', '632.00', 'East Coast Express', 'return', '2024-03-06', '2025-11-12 22:01:03' ),
( '11', 'Atlanta', 'Orlando', 'economy', '99.99', '1.25', '597.00', 'Southern Air', 'outbound', '2024-03-15', '2025-11-12 22:01:03' ),
( '12', 'Orlando', 'Atlanta', 'economy', '89.99', '1.25', '597.00', 'Southern Air', 'return', '2024-03-22', '2025-11-12 22:01:03' ),
( '13', 'Dallas', 'Phoenix', 'business', '329.50', '2.25', '1456.00', 'Southwest Connect', 'outbound', '2024-01-25', '2025-11-12 22:01:03' ),
( '14', 'Phoenix', 'Dallas', 'business', '319.50', '2.25', '1456.00', 'Southwest Connect', 'return', '2024-02-01', '2025-11-12 22:01:03' ),
( '15', 'Houston', 'San Diego', 'economy', '279.99', '3.50', '1885.00', 'Gulf Air', 'outbound', '2024-02-14', '2025-11-12 22:01:03' ),
( '16', 'San Diego', 'Houston', 'economy', '269.99', '3.50', '1885.00', 'Gulf Air', 'return', '2024-02-21', '2025-11-12 22:01:03' ),
( '17', 'Philadelphia', 'Nashville', 'economy', '199.75', '2.00', '965.00', 'Mid Atlantic Air', 'outbound', '2024-03-08', '2025-11-12 22:01:03' ),
( '18', 'Nashville', 'Philadelphia', 'economy', '189.75', '2.00', '965.00', 'Mid Atlantic Air', 'return', '2024-03-15', '2025-11-12 22:01:03' ),
( '19', 'Detroit', 'Tampa', 'business', '359.00', '2.75', '1590.00', 'Great Lakes Air', 'outbound', '2024-01-30', '2025-11-12 22:01:03' ),
( '20', 'Tampa', 'Detroit', 'business', '349.00', '2.75', '1590.00', 'Great Lakes Air', 'return', '2024-02-06', '2025-11-12 22:01:03' ),
( '21', 'Minneapolis', 'Portland', 'economy', '249.99', '3.75', '2345.00', 'Northwest Air', 'outbound', '2024-02-18', '2025-11-12 22:01:03' ),
( '22', 'Portland', 'Minneapolis', 'economy', '239.99', '3.75', '2345.00', 'Northwest Air', 'return', '2024-02-25', '2025-11-12 22:01:03' ),
( '23', 'Salt Lake City', 'San Antonio', 'economy', '219.50', '2.50', '1650.00', 'Rocky Mountain Air', 'outbound', '2024-03-12', '2025-11-12 22:01:03' ),
( '24', 'San Antonio', 'Salt Lake City', 'economy', '209.50', '2.50', '1650.00', 'Rocky Mountain Air', 'return', '2024-03-19', '2025-11-12 22:01:03' ),
( '25', 'Baltimore', 'Charlotte', 'first_class', '289.00', '1.25', '515.00', 'Atlantic Air', 'outbound', '2024-01-22', '2025-11-12 22:01:03' ),
( '26', 'Charlotte', 'Baltimore', 'first_class', '279.00', '1.25', '515.00', 'Atlantic Air', 'return', '2024-01-29', '2025-11-12 22:01:03' ),
( '27', 'Las Vegas', 'Chicago', 'economy', '229.99', '3.50', '2175.00', 'Desert Air', 'outbound', '2024-02-05', '2025-11-12 22:01:03' ),
( '28', 'Chicago', 'Las Vegas', 'economy', '219.99', '3.50', '2175.00', 'Desert Air', 'return', '2024-02-12', '2025-11-12 22:01:03' ),
( '29', 'Miami', 'New York', 'business', '389.50', '3.00', '1745.00', 'Sunshine Air', 'outbound', '2024-03-20', '2025-11-12 22:01:03' ),
( '30', 'New York', 'Miami', 'business', '379.50', '3.00', '1745.00', 'Sunshine Air', 'return', '2024-03-27', '2025-11-12 22:01:03' ),
( '31', 'Los Angeles', 'San Francisco', 'economy', '89.99', '1.25', '559.00', 'California Shuttle', 'outbound', '2024-01-18', '2025-11-12 22:01:03' ),
( '32', 'San Francisco', 'Los Angeles', 'economy', '79.99', '1.25', '559.00', 'California Shuttle', 'return', '2024-01-25', '2025-11-12 22:01:03' ),
( '33', 'Seattle', 'Portland', 'economy', '69.99', '1.00', '243.00', 'Pacific Northwest', 'outbound', '2024-02-22', '2025-11-12 22:01:03' ),
( '34', 'Portland', 'Seattle', 'economy', '59.99', '1.00', '243.00', 'Pacific Northwest', 'return', '2024-02-29', '2025-11-12 22:01:03' ),
( '35', 'Denver', 'Phoenix', 'business', '299.50', '2.00', '1015.00', 'Mountain West', 'outbound', '2024-03-25', '2025-11-12 22:01:03' ),
( '36', 'Phoenix', 'Denver', 'business', '289.50', '2.00', '1015.00', 'Mountain West', 'return', '2024-04-01', '2025-11-12 22:01:03' ),
( '37', 'Atlanta', 'Dallas', 'economy', '189.99', '2.25', '1190.00', 'Southern Connect', 'outbound', '2024-01-28', '2025-11-12 22:01:03' ),
( '38', 'Dallas', 'Atlanta', 'economy', '179.99', '2.25', '1190.00', 'Southern Connect', 'return', '2024-02-04', '2025-11-12 22:01:03' ),
( '39', 'Boston', 'Chicago', 'first_class', '429.00', '2.75', '1365.00', 'Northeast Air', 'outbound', '2024-02-15', '2025-11-12 22:01:03' ),
( '40', 'Chicago', 'Boston', 'first_class', '419.00', '2.75', '1365.00', 'Northeast Air', 'return', '2024-02-22', '2025-11-12 22:01:03' ),
( '41', 'Detroit', 'New York', 'economy', '159.75', '1.75', '800.00', 'Great Lakes Express', 'outbound', '2024-03-30', '2025-11-12 22:01:03' ),
( '42', 'New York', 'Detroit', 'economy', '149.75', '1.75', '800.00', 'Great Lakes Express', 'return', '2024-04-06', '2025-11-12 22:01:03' ),
( '43', 'Houston', 'New Orleans', 'business', '239.50', '1.50', '485.00', 'Gulf Coast Air', 'outbound', '2024-01-31', '2025-11-12 22:01:03' ),
( '44', 'New Orleans', 'Houston', 'business', '229.50', '1.50', '485.00', 'Gulf Coast Air', 'return', '2024-02-07', '2025-11-12 22:01:03' ),
( '45', 'Philadelphia', 'Miami', 'economy', '199.99', '2.50', '1480.00', 'East Coast Air', 'outbound', '2024-02-28', '2025-11-12 22:01:03' ),
( '46', 'Miami', 'Philadelphia', 'economy', '189.99', '2.50', '1480.00', 'East Coast Air', 'return', '2024-03-06', '2025-11-12 22:01:03' ),
( '47', 'Minneapolis', 'Chicago', 'economy', '129.75', '1.50', '560.00', 'Midwest Connect', 'outbound', '2024-03-18', '2025-11-12 22:01:03' ),
( '48', 'Chicago', 'Minneapolis', 'economy', '119.75', '1.50', '560.00', 'Midwest Connect', 'return', '2024-03-25', '2025-11-12 22:01:03' ),
( '49', 'Salt Lake City', 'Denver', 'business', '269.50', '1.75', '625.00', 'Rocky Mountain Express', 'outbound', '2024-01-24', '2025-11-12 22:01:03' ),
( '50', 'Denver', 'Salt Lake City', 'business', '259.50', '1.75', '625.00', 'Rocky Mountain Express', 'return', '2024-01-31', '2025-11-12 22:01:03' ),
( '51', 'Baltimore', 'Atlanta', 'economy', '169.99', '2.00', '935.00', 'Atlantic Coast', 'outbound', '2024-02-11', '2025-11-12 22:01:03' ),
( '52', 'Atlanta', 'Baltimore', 'economy', '159.99', '2.00', '935.00', 'Atlantic Coast', 'return', '2024-02-18', '2025-11-12 22:01:03' ),
( '53', 'Las Vegas', 'San Diego', 'first_class', '189.00', '1.25', '420.00', 'West Coast Express', 'outbound', '2024-03-22', '2025-11-12 22:01:03' ),
( '54', 'San Diego', 'Las Vegas', 'first_class', '179.00', '1.25', '420.00', 'West Coast Express', 'return', '2024-03-29', '2025-11-12 22:01:03' ),
( '55', 'Miami', 'Tampa', 'economy', '79.99', '1.00', '335.00', 'Florida Shuttle', 'outbound', '2024-01-26', '2025-11-12 22:01:03' ),
( '56', 'Tampa', 'Miami', 'economy', '69.99', '1.00', '335.00', 'Florida Shuttle', 'return', '2024-02-02', '2025-11-12 22:01:03' ),
( '57', 'Los Angeles', 'Seattle', 'business', '349.50', '2.75', '1545.00', 'Pacific Coast', 'outbound', '2024-02-19', '2025-11-12 22:01:03' ),
( '58', 'Seattle', 'Los Angeles', 'business', '339.50', '2.75', '1545.00', 'Pacific Coast', 'return', '2024-02-26', '2025-11-12 22:01:03' ),
( '59', 'San Francisco', 'Denver', 'economy', '199.99', '2.50', '1265.00', 'Western Air', 'outbound', '2024-03-28', '2025-11-12 22:01:03' ),
( '60', 'Denver', 'San Francisco', 'economy', '189.99', '2.50', '1265.00', 'Western Air', 'return', '2024-04-04', '2025-11-12 22:01:03' ),
( '61', 'Atlanta', 'Nashville', 'economy', '89.75', '1.25', '390.00', 'Southern Express', 'outbound', '2024-01-29', '2025-11-12 22:01:03' ),
( '62', 'Nashville', 'Atlanta', 'economy', '79.75', '1.25', '390.00', 'Southern Express', 'return', '2024-02-05', '2025-11-12 22:01:03' ),
( '63', 'Boston', 'Philadelphia', 'business', '219.50', '1.25', '450.00', 'Northeast Shuttle', 'outbound', '2024-02-24', '2025-11-12 22:01:03' ),
( '64', 'Philadelphia', 'Boston', 'business', '209.50', '1.25', '450.00', 'Northeast Shuttle', 'return', '2024-03-02', '2025-11-12 22:01:03' ),
( '65', 'Detroit', 'Cleveland', 'economy', '69.99', '1.00', '165.00', 'Great Lakes Shuttle', 'outbound', '2024-03-31', '2025-11-12 22:01:03' ),
( '66', 'Cleveland', 'Detroit', 'economy', '59.99', '1.00', '165.00', 'Great Lakes Shuttle', 'return', '2024-04-07', '2025-11-12 22:01:03' ),
( '67', 'Houston', 'Dallas', 'first_class', '159.00', '1.00', '362.00', 'Texas Express', 'outbound', '2024-01-27', '2025-11-12 22:01:03' ),
( '68', 'Dallas', 'Houston', 'first_class', '149.00', '1.00', '362.00', 'Texas Express', 'return', '2024-02-03', '2025-11-12 22:01:03' ),
( '69', 'Philadelphia', 'Washington DC', 'economy', '99.99', '1.00', '225.00', 'Capital Shuttle', 'outbound', '2024-02-26', '2025-11-12 22:01:03' ),
( '70', 'Washington DC', 'Philadelphia', 'economy', '89.99', '1.00', '225.00', 'Capital Shuttle', 'return', '2024-03-04', '2025-11-12 22:01:03' ),
( '71', 'Minneapolis', 'Milwaukee', 'business', '149.50', '1.25', '465.00', 'Midwest Express', 'outbound', '2024-03-19', '2025-11-12 22:01:03' ),
( '72', 'Milwaukee', 'Minneapolis', 'business', '139.50', '1.25', '465.00', 'Midwest Express', 'return', '2024-03-26', '2025-11-12 22:01:03' ),
( '73', 'Salt Lake City', 'Phoenix', 'economy', '179.99', '1.75', '965.00', 'Southwest Air', 'outbound', '2024-01-23', '2025-11-12 22:01:03' ),
( '74', 'Phoenix', 'Salt Lake City', 'economy', '169.99', '1.75', '965.00', 'Southwest Air', 'return', '2024-01-30', '2025-11-12 22:01:03' ),
( '75', 'Baltimore', 'New York', 'first_class', '199.00', '1.00', '305.00', 'Northeast Corridor', 'outbound', '2024-02-12', '2025-11-12 22:01:03' ),
( '76', 'New York', 'Baltimore', 'first_class', '189.00', '1.00', '305.00', 'Northeast Corridor', 'return', '2024-02-19', '2025-11-12 22:01:03' ),
( '77', 'Las Vegas', 'Los Angeles', 'economy', '109.99', '1.25', '435.00', 'Desert Shuttle', 'outbound', '2024-03-23', '2025-11-12 22:01:03' ),
( '78', 'Los Angeles', 'Las Vegas', 'economy', '99.99', '1.25', '435.00', 'Desert Shuttle', 'return', '2024-03-30', '2025-11-12 22:01:03' ),
( '79', 'Miami', 'Orlando', 'business', '129.50', '1.00', '325.00', 'Florida Express', 'outbound', '2024-01-21', '2025-11-12 22:01:03' ),
( '80', 'Orlando', 'Miami', 'business', '119.50', '1.00', '325.00', 'Florida Express', 'return', '2024-01-28', '2025-11-12 22:01:03' ),
( '81', 'Los Angeles', 'San Diego', 'economy', '79.99', '1.00', '190.00', 'SoCal Shuttle', 'outbound', '2024-02-20', '2025-11-12 22:01:03' ),
( '82', 'San Diego', 'Los Angeles', 'economy', '69.99', '1.00', '190.00', 'SoCal Shuttle', 'return', '2024-02-27', '2025-11-12 22:01:03' ),
( '83', 'San Francisco', 'Portland', 'first_class', '229.00', '2.00', '855.00', 'Pacific Northwest Express', 'outbound', '2024-03-29', '2025-11-12 22:01:03' ),
( '84', 'Portland', 'San Francisco', 'first_class', '219.00', '2.00', '855.00', 'Pacific Northwest Express', 'return', '2024-04-05', '2025-11-12 22:01:03' ),
( '85', 'Atlanta', 'Charlotte', 'economy', '119.75', '1.25', '380.00', 'Southeast Connect', 'outbound', '2024-01-30', '2025-11-12 22:01:03' ),
( '86', 'Charlotte', 'Atlanta', 'economy', '109.75', '1.25', '380.00', 'Southeast Connect', 'return', '2024-02-06', '2025-11-12 22:01:03' ),
( '87', 'Boston', 'Baltimore', 'business', '179.50', '1.50', '615.00', 'Atlantic Express', 'outbound', '2024-02-25', '2025-11-12 22:01:03' ),
( '88', 'Baltimore', 'Boston', 'business', '169.50', '1.50', '615.00', 'Atlantic Express', 'return', '2024-03-03', '2025-11-12 22:01:03' ),
( '89', 'Detroit', 'Indianapolis', 'economy', '89.99', '1.25', '450.00', 'Midwest Shuttle', 'outbound', '2024-04-01', '2025-11-12 22:01:03' ),
( '90', 'Indianapolis', 'Detroit', 'economy', '79.99', '1.25', '450.00', 'Midwest Shuttle', 'return', '2024-04-08', '2025-11-12 22:01:03' ),
( '91', 'Houston', 'San Antonio', 'first_class', '99.00', '1.00', '320.00', 'Texas Shuttle', 'outbound', '2024-01-19', '2025-11-12 22:01:03' ),
( '92', 'San Antonio', 'Houston', 'first_class', '89.00', '1.00', '320.00', 'Texas Shuttle', 'return', '2024-01-26', '2025-11-12 22:01:03' ),
( '93', 'Philadelphia', 'Pittsburgh', 'economy', '109.99', '1.25', '415.00', 'Pennsylvania Air', 'outbound', '2024-02-27', '2025-11-12 22:01:03' ),
( '94', 'Pittsburgh', 'Philadelphia', 'economy', '99.99', '1.25', '415.00', 'Pennsylvania Air', 'return', '2024-03-05', '2025-11-12 22:01:03' ),
( '95', 'Minneapolis', 'St. Louis', 'business', '199.50', '1.75', '850.00', 'Central States Air', 'outbound', '2024-03-20', '2025-11-12 22:01:03' ),
( '96', 'St. Louis', 'Minneapolis', 'business', '189.50', '1.75', '850.00', 'Central States Air', 'return', '2024-03-27', '2025-11-12 22:01:03' ),
( '97', 'Salt Lake City', 'Boise', 'economy', '139.99', '1.25', '540.00', 'Intermountain Air', 'outbound', '2024-01-17', '2025-11-12 22:01:03' ),
( '98', 'Boise', 'Salt Lake City', 'economy', '129.99', '1.25', '540.00', 'Intermountain Air', 'return', '2024-01-24', '2025-11-12 22:01:03' ),
( '99', 'Baltimore', 'Richmond', 'first_class', '129.00', '1.00', '185.00', 'Chesapeake Air', 'outbound', '2024-02-13', '2025-11-12 22:01:03' ),
( '100', 'Richmond', 'Baltimore', 'first_class', '119.00', '1.00', '185.00', 'Chesapeake Air', 'return', '2024-02-20', '2025-11-12 22:01:03' );
COMMIT;
-- ---------------------------------------------------------


-- Dump data of "hotels" -----------------------------------
BEGIN;

INSERT INTO `hotels`(`hotel_id`,`hotel_name`,`city`,`price_per_day`,`star_rating`,`established_date`,`created_at`) VALUES 
( '1', 'Grand Plaza Hotel', 'New York', '299.99', '5', '1995-03-15', '2025-11-12 21:57:28' ),
( '2', 'Ocean View Resort', 'Miami', '249.50', '4', '2000-07-22', '2025-11-12 21:57:28' ),
( '3', 'Mountain Retreat', 'Denver', '189.75', '3', '1988-11-08', '2025-11-12 21:57:28' ),
( '4', 'City Center Inn', 'Chicago', '159.99', '3', '1992-04-30', '2025-11-12 21:57:28' ),
( '5', 'Luxury Suites', 'Los Angeles', '399.00', '5', '2010-09-12', '2025-11-12 21:57:28' ),
( '6', 'Business Tower', 'San Francisco', '329.25', '4', '2005-12-05', '2025-11-12 21:57:28' ),
( '7', 'Garden Hotel', 'Seattle', '219.99', '4', '1998-06-18', '2025-11-12 21:57:28' ),
( '8', 'Royal Palace', 'Las Vegas', '459.00', '5', '2008-02-25', '2025-11-12 21:57:28' ),
( '9', 'Comfort Stay', 'Boston', '179.50', '3', '1990-08-14', '2025-11-12 21:57:28' ),
( '10', 'Harbor View', 'San Diego', '279.75', '4', '2003-01-10', '2025-11-12 21:57:28' ),
( '11', 'Metropolitan', 'Washington DC', '309.99', '4', '1997-05-20', '2025-11-12 21:57:28' ),
( '12', 'Sunset Resort', 'Phoenix', '199.25', '3', '2001-10-15', '2025-11-12 21:57:28' ),
( '13', 'Urban Lodge', 'Austin', '229.99', '4', '2012-07-03', '2025-11-12 21:57:28' ),
( '14', 'The Grand', 'Orlando', '269.50', '4', '1994-03-28', '2025-11-12 21:57:28' ),
( '15', 'Executive Inn', 'Atlanta', '189.99', '3', '2006-12-12', '2025-11-12 21:57:28' ),
( '16', 'Paradise Hotel', 'Honolulu', '519.00', '5', '2015-09-05', '2025-11-12 21:57:28' ),
( '17', 'City Lights', 'Dallas', '239.75', '4', '1999-04-17', '2025-11-12 21:57:28' ),
( '18', 'Alpine Lodge', 'Salt Lake City', '169.99', '3', '1985-11-30', '2025-11-12 21:57:28' ),
( '19', 'Bayfront Hotel', 'Tampa', '249.25', '4', '2002-06-22', '2025-11-12 21:57:28' ),
( '20', 'The Monarch', 'Nashville', '199.99', '3', '2009-02-14', '2025-11-12 21:57:28' ),
( '21', 'Riverside Inn', 'Portland', '189.50', '3', '1993-08-08', '2025-11-12 21:57:28' ),
( '22', 'Skyline Hotel', 'Philadelphia', '279.99', '4', '1996-01-25', '2025-11-12 21:57:28' ),
( '23', 'Oasis Resort', 'San Antonio', '229.25', '4', '2011-05-19', '2025-11-12 21:57:28' ),
( '24', 'The Heritage', 'Charlotte', '179.99', '3', '1987-12-03', '2025-11-12 21:57:28' ),
( '25', 'Plaza Central', 'Detroit', '149.50', '2', '1991-03-27', '2025-11-12 21:57:28' ),
( '26', 'Beachcomber', 'Jacksonville', '209.75', '3', '2004-07-11', '2025-11-12 21:57:28' ),
( '27', 'The Capital', 'Columbus', '169.99', '3', '1998-10-06', '2025-11-12 21:57:28' ),
( '28', 'Metro Suites', 'Indianapolis', '199.25', '3', '2007-04-21', '2025-11-12 21:57:28' ),
( '29', 'Grand View', 'San Jose', '339.99', '4', '2013-09-14', '2025-11-12 21:57:28' ),
( '30', 'The Regency', 'Fort Worth', '189.50', '3', '1989-02-28', '2025-11-12 21:57:28' ),
( '31', 'Hillside Inn', 'Memphis', '159.99', '2', '1995-06-09', '2025-11-12 21:57:28' ),
( '32', 'City Gate', 'Baltimore', '219.75', '3', '2000-11-24', '2025-11-12 21:57:28' ),
( '33', 'The Paramount', 'Louisville', '179.25', '3', '2014-08-17', '2025-11-12 21:57:28' ),
( '34', 'Riverview Hotel', 'Milwaukee', '199.99', '3', '1992-01-12', '2025-11-12 21:57:28' ),
( '35', 'The Madison', 'Albuquerque', '169.50', '2', '2005-04-05', '2025-11-12 21:57:28' ),
( '36', 'Park Plaza', 'Tucson', '189.75', '3', '1997-09-28', '2025-11-12 21:57:28' ),
( '37', 'The Bristol', 'Fresno', '149.99', '2', '2001-12-15', '2025-11-12 21:57:28' ),
( '38', 'Central Hotel', 'Sacramento', '209.25', '3', '2016-05-08', '2025-11-12 21:57:28' ),
( '39', 'The Westminster', 'Kansas City', '179.99', '3', '1990-10-31', '2025-11-12 21:57:28' ),
( '40', 'Garden Inn', 'Mesa', '159.50', '2', '2003-03-26', '2025-11-12 21:57:28' ),
( '41', 'The Carlton', 'Virginia Beach', '229.75', '4', '1994-08-19', '2025-11-12 21:57:28' ),
( '42', 'Cityscape Hotel', 'Atlanta', '199.99', '3', '2008-01-14', '2025-11-12 21:57:28' ),
( '43', 'The Dorchester', 'Colorado Springs', '189.25', '3', '1986-06-07', '2025-11-12 21:57:28' ),
( '44', 'Harbor Lights', 'Raleigh', '209.99', '3', '2010-11-30', '2025-11-12 21:57:28' ),
( '45', 'The Berkeley', 'Omaha', '169.50', '2', '1999-04-23', '2025-11-12 21:57:28' ),
( '46', 'Miami Beach Hotel', 'Miami', '319.75', '4', '2004-09-16', '2025-11-12 21:57:28' ),
( '47', 'The Savoy', 'Long Beach', '189.99', '3', '2012-02-09', '2025-11-12 21:57:28' ),
( '48', 'City Central', 'Oakland', '199.25', '3', '1993-07-04', '2025-11-12 21:57:28' ),
( '49', 'The Roosevelt', 'Minneapolis', '229.99', '4', '2006-12-27', '2025-11-12 21:57:28' ),
( '50', 'Bayview Resort', 'Tampa', '249.50', '4', '1991-05-20', '2025-11-12 21:57:28' ),
( '51', 'The Lexington', 'Arlington', '179.99', '3', '2015-10-13', '2025-11-12 21:57:28' ),
( '52', 'Urban Retreat', 'New Orleans', '269.75', '4', '1988-03-08', '2025-11-12 21:57:28' ),
( '53', 'The Mayfair', 'Wichita', '159.25', '2', '2002-08-01', '2025-11-12 21:57:28' ),
( '54', 'City Garden', 'Cleveland', '189.99', '3', '1996-12-24', '2025-11-12 21:57:28' ),
( '55', 'The St. Regis', 'Anaheim', '299.50', '4', '2009-05-17', '2025-11-12 21:57:28' ),
( '56', 'Harbor Inn', 'Honolulu', '429.75', '5', '2014-10-10', '2025-11-12 21:57:28' ),
( '57', 'The Peninsula', 'Riverside', '169.99', '2', '1997-03-05', '2025-11-12 21:57:28' ),
( '58', 'Metro Hotel', 'Lexington', '159.25', '2', '2001-08-28', '2025-11-12 21:57:28' ),
( '59', 'The Waldorf', 'Stockton', '149.99', '2', '2011-01-21', '2025-11-12 21:57:28' ),
( '60', 'City View', 'Corpus Christi', '179.50', '3', '1994-06-14', '2025-11-12 21:57:28' ),
( '61', 'The Ritz', 'Henderson', '289.75', '4', '2005-11-07', '2025-11-12 21:57:28' ),
( '62', 'Urban Oasis', 'Greensboro', '169.99', '2', '1998-04-02', '2025-11-12 21:57:28' ),
( '63', 'The Langham', 'Plano', '199.25', '3', '2013-09-25', '2025-11-12 21:57:28' ),
( '64', 'Bayfront Resort', 'Newark', '219.99', '3', '1990-02-18', '2025-11-12 21:57:28' ),
( '65', 'The Drake', 'Lincoln', '159.50', '2', '2007-07-13', '2025-11-12 21:57:28' ),
( '66', 'City Palace', 'Orlando', '239.75', '4', '1992-12-06', '2025-11-12 21:57:28' ),
( '67', 'The Pierre', 'Irvine', '189.99', '3', '2016-05-31', '2025-11-12 21:57:28' ),
( '68', 'Harbor House', 'Toledo', '149.25', '2', '1995-10-24', '2025-11-12 21:57:28' ),
( '69', 'The Mark', 'Fort Wayne', '159.99', '2', '2000-03-19', '2025-11-12 21:57:28' ),
( '70', 'Urban Garden', 'St. Petersburg', '199.50', '3', '2004-08-12', '2025-11-12 21:57:28' ),
( '71', 'The Breakers', 'Laredo', '169.75', '2', '1999-01-05', '2025-11-12 21:57:28' ),
( '72', 'City Resort', 'Chandler', '189.99', '3', '2012-06-28', '2025-11-12 21:57:28' ),
( '73', 'The Lowell', 'Jersey City', '229.25', '3', '1987-11-21', '2025-11-12 21:57:28' ),
( '74', 'Bayview Hotel', 'Durham', '179.99', '3', '2003-04-16', '2025-11-12 21:57:28' ),
( '75', 'The Stanhope', 'Madison', '169.50', '2', '1996-09-09', '2025-11-12 21:57:28' ),
( '76', 'City Loft', 'Lubbock', '159.75', '2', '2010-02-02', '2025-11-12 21:57:28' ),
( '77', 'The Brown', 'Scottsdale', '279.99', '4', '1993-07-27', '2025-11-12 21:57:28' ),
( '78', 'Harbor Point', 'Reno', '199.25', '3', '2008-12-20', '2025-11-12 21:57:28' ),
( '79', 'The Carlyle', 'Glendale', '189.99', '3', '1991-05-15', '2025-11-12 21:57:28' ),
( '80', 'Urban View', 'Boise', '169.50', '2', '2006-10-08', '2025-11-12 21:57:28' ),
( '81', 'The Plaza', 'Frisco', '199.75', '3', '1998-03-03', '2025-11-12 21:57:28' ),
( '82', 'Bayfront Inn', 'Yonkers', '179.99', '3', '2014-08-26', '2025-11-12 21:57:28' ),
( '83', 'The Savoy', 'San Bernardino', '159.25', '2', '1989-01-19', '2025-11-12 21:57:28' ),
( '84', 'City Heights', 'Spokane', '169.99', '2', '2002-06-12', '2025-11-12 21:57:28' ),
( '85', 'The Grosvenor', 'Birmingham', '189.50', '3', '1997-11-05', '2025-11-12 21:57:28' ),
( '86', 'Harbor Bay', 'Richmond', '199.75', '3', '2011-04-30', '2025-11-12 21:57:28' ),
( '87', 'The Claridge', 'Montgomery', '159.99', '2', '1994-09-23', '2025-11-12 21:57:28' ),
( '88', 'Urban Bay', 'Anchorage', '229.25', '3', '2009-02-16', '2025-11-12 21:57:28' ),
( '89', 'The Connaught', 'Little Rock', '169.50', '2', '1992-07-11', '2025-11-12 21:57:28' ),
( '90', 'City Bay', 'Salt Lake City', '189.99', '3', '2005-12-04', '2025-11-12 21:57:28' ),
( '91', 'The Ritz-Carlton', 'Des Moines', '209.75', '4', '1990-05-29', '2025-11-12 21:57:28' ),
( '92', 'Harbor Grand', 'Jackson', '179.25', '3', '2007-10-22', '2025-11-12 21:57:28' ),
( '93', 'The Beverly Hills', 'Los Angeles', '489.00', '5', '2015-03-17', '2025-11-12 21:57:28' ),
( '94', 'The Grand Horizon', 'Miami', '275.00', '4', '2018-03-22', '2025-11-12 21:57:28' ),
( '95', 'Alpine Lodge', 'Denver', '195.50', '3', '2012-11-08', '2025-11-12 21:57:28' ),
( '96', 'Metropolitan Suites', 'Chicago', '315.75', '4', '2019-07-14', '2025-11-12 21:57:28' ),
( '97', 'Ocean Breeze Resort', 'San Diego', '345.25', '5', '2020-05-30', '2025-11-12 21:57:28' ),
( '98', 'Urban Retreat', 'Austin', '225.00', '4', '2017-09-12', '2025-11-12 21:57:28' ),
( '99', 'The Heritage Inn', 'Boston', '185.75', '3', '2005-12-03', '2025-11-12 21:57:28' ),
( '100', 'Skyline Towers', 'Seattle', '265.50', '4', '2016-04-18', '2025-11-12 21:57:28' );
COMMIT;
-- ---------------------------------------------------------


-- Dump data of "trips" ------------------------------------
BEGIN;

INSERT INTO `trips`(`trip_id`,`trip_start_date`,`trip_end_date`,`user_id`,`hotel_id`,`days`,`total_hotel_price`,`check_in_date`,`check_out_date`,`outbound_flight_id`,`return_flight_id`,`total_flight_price`,`STATUS`,`total_trip_cost`,`created_at`,`updated_at`) VALUES 
( '1', '2024-01-15', '2024-01-22', '1', '1', '7', '2099.93', '2024-01-15', '2024-01-22', '1', '2', '589.98', 'completed', '2689.91', '2025-11-12 22:03:06', '2025-11-12 22:03:06' ),
( '2', '2024-02-10', '2024-02-17', '2', '2', '7', '1746.50', '2024-02-10', '2024-02-17', '3', '4', '909.00', 'confirmed', '2655.50', '2025-11-12 22:03:06', '2025-11-12 22:03:06' ),
( '3', '2024-03-05', '2024-03-12', '3', '3', '7', '1328.25', '2024-03-05', '2024-03-12', '5', '6', '249.98', 'pending', '1578.23', '2025-11-12 22:03:06', '2025-11-12 22:03:06' ),
( '4', '2024-01-20', '2024-01-27', '4', '4', '7', '1119.93', '2024-01-20', '2024-01-27', '7', '8', '369.50', 'completed', '1489.43', '2025-11-12 22:03:06', '2025-11-12 22:03:06' ),
( '5', '2024-02-28', '2024-03-06', '5', '5', '7', '2793.00', '2024-02-28', '2024-03-06', '9', '10', '788.00', 'confirmed', '3581.00', '2025-11-12 22:03:06', '2025-11-12 22:03:06' ),
( '6', '2024-03-15', '2024-03-22', '6', '6', '7', '2304.75', '2024-03-15', '2024-03-22', '11', '12', '189.98', 'pending', '2494.73', '2025-11-12 22:03:06', '2025-11-12 22:03:06' ),
( '7', '2024-01-25', '2024-02-01', '7', '7', '7', '1539.93', '2024-01-25', '2024-02-01', '13', '14', '649.00', 'completed', '2188.93', '2025-11-12 22:03:06', '2025-11-12 22:03:06' ),
( '8', '2024-02-14', '2024-02-21', '8', '8', '7', '3213.00', '2024-02-14', '2024-02-21', '15', '16', '549.98', 'confirmed', '3762.98', '2025-11-12 22:03:06', '2025-11-12 22:03:06' ),
( '9', '2024-03-08', '2024-03-15', '9', '9', '7', '1256.50', '2024-03-08', '2024-03-15', '17', '18', '389.50', 'pending', '1646.00', '2025-11-12 22:03:06', '2025-11-12 22:03:06' ),
( '10', '2024-01-30', '2024-02-06', '10', '10', '7', '1958.25', '2024-01-30', '2024-02-06', '19', '20', '708.00', 'completed', '2666.25', '2025-11-12 22:03:06', '2025-11-12 22:03:06' ),
( '11', '2024-02-18', '2024-02-25', '11', '11', '7', '2169.93', '2024-02-18', '2024-02-25', '21', '22', '489.98', 'confirmed', '2659.91', '2025-11-12 22:03:06', '2025-11-12 22:03:06' ),
( '12', '2024-03-12', '2024-03-19', '12', '12', '7', '1394.75', '2024-03-12', '2024-03-19', '23', '24', '429.00', 'pending', '1823.75', '2025-11-12 22:03:06', '2025-11-12 22:03:06' ),
( '13', '2024-01-22', '2024-01-29', '13', '13', '7', '1609.93', '2024-01-22', '2024-01-29', '25', '26', '568.00', 'completed', '2177.93', '2025-11-12 22:03:06', '2025-11-12 22:03:06' ),
( '14', '2024-02-05', '2024-02-12', '14', '14', '7', '1886.50', '2024-02-05', '2024-02-12', '27', '28', '449.98', 'confirmed', '2336.48', '2025-11-12 22:03:06', '2025-11-12 22:03:06' ),
( '15', '2024-03-20', '2024-03-27', '15', '15', '7', '1329.93', '2024-03-20', '2024-03-27', '29', '30', '769.00', 'pending', '2098.93', '2025-11-12 22:03:06', '2025-11-12 22:03:06' ),
( '16', '2024-01-18', '2024-01-25', '16', '16', '7', '3633.00', '2024-01-18', '2024-01-25', '31', '32', '169.98', 'completed', '3802.98', '2025-11-12 22:03:06', '2025-11-12 22:03:06' ),
( '17', '2024-02-22', '2024-02-29', '17', '17', '7', '1679.93', '2024-02-22', '2024-02-29', '33', '34', '129.98', 'confirmed', '1809.91', '2025-11-12 22:03:06', '2025-11-12 22:03:06' ),
( '18', '2024-03-25', '2024-04-01', '18', '18', '7', '1189.93', '2024-03-25', '2024-04-01', '35', '36', '589.00', 'pending', '1778.93', '2025-11-12 22:03:06', '2025-11-12 22:03:06' ),
( '19', '2024-01-28', '2024-02-04', '19', '19', '7', '1744.75', '2024-01-28', '2024-02-04', '37', '38', '369.98', 'completed', '2114.73', '2025-11-12 22:03:06', '2025-11-12 22:03:06' ),
( '20', '2024-02-15', '2024-02-22', '20', '20', '7', '1399.93', '2024-02-15', '2024-02-22', '39', '40', '848.00', 'confirmed', '2247.93', '2025-11-12 22:03:06', '2025-11-12 22:03:06' ),
( '21', '2024-03-30', '2024-04-06', '21', '21', '7', '1326.50', '2024-03-30', '2024-04-06', '41', '42', '309.50', 'pending', '1636.00', '2025-11-12 22:03:06', '2025-11-12 22:03:06' ),
( '22', '2024-01-31', '2024-02-07', '22', '22', '7', '1959.93', '2024-01-31', '2024-02-07', '43', '44', '469.00', 'completed', '2428.93', '2025-11-12 22:03:06', '2025-11-12 22:03:06' ),
( '23', '2024-02-28', '2024-03-06', '23', '23', '7', '1604.75', '2024-02-28', '2024-03-06', '45', '46', '389.98', 'confirmed', '1994.73', '2025-11-12 22:03:06', '2025-11-12 22:03:06' ),
( '24', '2024-03-18', '2024-03-25', '24', '24', '7', '1259.93', '2024-03-18', '2024-03-25', '47', '48', '249.50', 'pending', '1509.43', '2025-11-12 22:03:06', '2025-11-12 22:03:06' ),
( '25', '2024-01-24', '2024-01-31', '25', '25', '7', '1046.50', '2024-01-24', '2024-01-31', '49', '50', '529.00', 'completed', '1575.50', '2025-11-12 22:03:06', '2025-11-12 22:03:06' ),
( '26', '2024-02-11', '2024-02-18', '26', '26', '7', '1468.25', '2024-02-11', '2024-02-18', '51', '52', '329.98', 'confirmed', '1798.23', '2025-11-12 22:03:06', '2025-11-12 22:03:06' ),
( '27', '2024-03-22', '2024-03-29', '27', '27', '7', '1259.93', '2024-03-22', '2024-03-29', '53', '54', '368.00', 'pending', '1627.93', '2025-11-12 22:03:06', '2025-11-12 22:03:06' ),
( '28', '2024-01-26', '2024-02-02', '28', '28', '7', '1394.75', '2024-01-26', '2024-02-02', '55', '56', '149.98', 'completed', '1544.73', '2025-11-12 22:03:06', '2025-11-12 22:03:06' ),
( '29', '2024-02-19', '2024-02-26', '29', '29', '7', '2379.93', '2024-02-19', '2024-02-26', '57', '58', '689.00', 'confirmed', '3068.93', '2025-11-12 22:03:06', '2025-11-12 22:03:06' ),
( '30', '2024-03-28', '2024-04-04', '30', '30', '7', '1186.50', '2024-03-28', '2024-04-04', '59', '60', '389.98', 'pending', '1576.48', '2025-11-12 22:03:06', '2025-11-12 22:03:06' ),
( '31', '2024-01-29', '2024-02-05', '31', '31', '7', '1119.93', '2024-01-29', '2024-02-05', '61', '62', '169.50', 'completed', '1289.43', '2025-11-12 22:03:06', '2025-11-12 22:03:06' ),
( '32', '2024-02-24', '2024-03-02', '32', '32', '7', '1259.93', '2024-02-24', '2024-03-02', '63', '64', '429.00', 'confirmed', '1688.93', '2025-11-12 22:03:06', '2025-11-12 22:03:06' ),
( '33', '2024-03-31', '2024-04-07', '33', '33', '7', '1119.93', '2024-03-31', '2024-04-07', '65', '66', '129.98', 'pending', '1249.91', '2025-11-12 22:03:06', '2025-11-12 22:03:06' ),
( '34', '2024-01-27', '2024-02-03', '34', '34', '7', '1399.93', '2024-01-27', '2024-02-03', '67', '68', '308.00', 'completed', '1707.93', '2025-11-12 22:03:06', '2025-11-12 22:03:06' ),
( '35', '2024-02-26', '2024-03-04', '35', '35', '7', '1186.50', '2024-02-26', '2024-03-04', '69', '70', '189.98', 'confirmed', '1376.48', '2025-11-12 22:03:06', '2025-11-12 22:03:06' ),
( '36', '2024-03-19', '2024-03-26', '36', '36', '7', '1329.93', '2024-03-19', '2024-03-26', '71', '72', '289.00', 'pending', '1618.93', '2025-11-12 22:03:06', '2025-11-12 22:03:06' ),
( '37', '2024-01-23', '2024-01-30', '37', '37', '7', '1049.93', '2024-01-23', '2024-01-30', '73', '74', '349.98', 'completed', '1399.91', '2025-11-12 22:03:06', '2025-11-12 22:03:06' ),
( '38', '2024-02-12', '2024-02-19', '38', '38', '7', '1259.93', '2024-02-12', '2024-02-19', '75', '76', '388.00', 'confirmed', '1647.93', '2025-11-12 22:03:06', '2025-11-12 22:03:06' ),
( '39', '2024-03-23', '2024-03-30', '39', '39', '7', '1114.75', '2024-03-23', '2024-03-30', '77', '78', '209.98', 'pending', '1324.73', '2025-11-12 22:03:06', '2025-11-12 22:03:06' ),
( '40', '2024-01-21', '2024-01-28', '40', '40', '7', '1116.50', '2024-01-21', '2024-01-28', '79', '80', '249.00', 'completed', '1365.50', '2025-11-12 22:03:06', '2025-11-12 22:03:06' ),
( '41', '2024-02-20', '2024-02-27', '41', '41', '7', '1609.93', '2024-02-20', '2024-02-27', '81', '82', '139.98', 'confirmed', '1749.91', '2025-11-12 22:03:06', '2025-11-12 22:03:06' ),
( '42', '2024-03-29', '2024-04-05', '42', '42', '7', '1259.93', '2024-03-29', '2024-04-05', '83', '84', '448.00', 'pending', '1707.93', '2025-11-12 22:03:06', '2025-11-12 22:03:06' ),
( '43', '2024-01-30', '2024-02-06', '43', '43', '7', '1324.75', '2024-01-30', '2024-02-06', '85', '86', '229.50', 'completed', '1554.25', '2025-11-12 22:03:06', '2025-11-12 22:03:06' ),
( '44', '2024-02-25', '2024-03-03', '44', '44', '7', '1399.93', '2024-02-25', '2024-03-03', '87', '88', '349.00', 'confirmed', '1748.93', '2025-11-12 22:03:06', '2025-11-12 22:03:06' ),
( '45', '2024-04-01', '2024-04-08', '45', '45', '7', '1049.93', '2024-04-01', '2024-04-08', '89', '90', '169.98', 'pending', '1219.91', '2025-11-12 22:03:06', '2025-11-12 22:03:06' ),
( '46', '2024-01-19', '2024-01-26', '46', '46', '7', '1259.93', '2024-01-19', '2024-01-26', '91', '92', '188.00', 'completed', '1447.93', '2025-11-12 22:03:06', '2025-11-12 22:03:06' ),
( '47', '2024-02-27', '2024-03-05', '47', '47', '7', '1394.75', '2024-02-27', '2024-03-05', '93', '94', '209.98', 'confirmed', '1604.73', '2025-11-12 22:03:06', '2025-11-12 22:03:06' ),
( '48', '2024-03-20', '2024-03-27', '48', '48', '7', '1329.93', '2024-03-20', '2024-03-27', '95', '96', '389.00', 'pending', '1718.93', '2025-11-12 22:03:06', '2025-11-12 22:03:06' ),
( '49', '2024-01-17', '2024-01-24', '49', '49', '7', '1609.93', '2024-01-17', '2024-01-24', '97', '98', '269.98', 'completed', '1879.91', '2025-11-12 22:03:06', '2025-11-12 22:03:06' ),
( '50', '2024-02-13', '2024-02-20', '50', '50', '7', '1259.93', '2024-02-13', '2024-02-20', '99', '100', '248.00', 'confirmed', '1507.93', '2025-11-12 22:03:06', '2025-11-12 22:03:06' ),
( '51', '2024-03-24', '2024-03-31', '51', '51', '7', '1256.50', '2024-03-24', '2024-03-31', '77', '78', '209.98', 'pending', '1466.48', '2025-11-12 22:03:06', '2025-11-12 22:03:06' ),
( '52', '2024-01-16', '2024-01-23', '52', '52', '7', '1119.93', '2024-01-16', '2024-01-23', '79', '80', '129.00', 'completed', '1248.93', '2025-11-12 22:03:06', '2025-11-12 22:03:06' ),
( '53', '2024-02-21', '2024-02-28', '53', '53', '7', '1399.93', '2024-02-21', '2024-02-28', '81', '82', '139.98', 'confirmed', '1539.91', '2025-11-12 22:03:06', '2025-11-12 22:03:06' ),
( '54', '2024-03-26', '2024-04-02', '54', '54', '7', '1049.93', '2024-03-26', '2024-04-02', '83', '84', '448.00', 'pending', '1497.93', '2025-11-12 22:03:06', '2025-11-12 22:03:06' ),
( '55', '2024-01-25', '2024-02-01', '55', '55', '7', '1329.93', '2024-01-25', '2024-02-01', '85', '86', '229.50', 'completed', '1559.43', '2025-11-12 22:03:06', '2025-11-12 22:03:06' ),
( '56', '2024-02-14', '2024-02-21', '56', '56', '7', '1399.93', '2024-02-14', '2024-02-21', '87', '88', '349.00', 'confirmed', '1748.93', '2025-11-12 22:03:06', '2025-11-12 22:03:06' ),
( '57', '2024-03-15', '2024-03-22', '57', '57', '7', '1049.93', '2024-03-15', '2024-03-22', '89', '90', '169.98', 'pending', '1219.91', '2025-11-12 22:03:06', '2025-11-12 22:03:06' ),
( '58', '2024-01-18', '2024-01-25', '58', '58', '7', '1259.93', '2024-01-18', '2024-01-25', '91', '92', '188.00', 'completed', '1447.93', '2025-11-12 22:03:06', '2025-11-12 22:03:06' ),
( '59', '2024-02-28', '2024-03-06', '59', '59', '7', '1394.75', '2024-02-28', '2024-03-06', '93', '94', '209.98', 'confirmed', '1604.73', '2025-11-12 22:03:06', '2025-11-12 22:03:06' ),
( '60', '2024-03-20', '2024-03-27', '60', '60', '7', '1329.93', '2024-03-20', '2024-03-27', '95', '96', '389.00', 'pending', '1718.93', '2025-11-12 22:03:06', '2025-11-12 22:03:06' ),
( '61', '2024-01-22', '2024-01-29', '61', '61', '7', '1609.93', '2024-01-22', '2024-01-29', '97', '98', '269.98', 'completed', '1879.91', '2025-11-12 22:03:06', '2025-11-12 22:03:06' ),
( '62', '2024-02-15', '2024-02-22', '62', '62', '7', '1259.93', '2024-02-15', '2024-02-22', '99', '100', '248.00', 'confirmed', '1507.93', '2025-11-12 22:03:06', '2025-11-12 22:03:06' ),
( '63', '2024-03-28', '2024-04-04', '63', '63', '7', '1119.93', '2024-03-28', '2024-04-04', '1', '2', '589.98', 'pending', '1709.91', '2025-11-12 22:03:06', '2025-11-12 22:03:06' ),
( '64', '2024-01-30', '2024-02-06', '64', '64', '7', '1399.93', '2024-01-30', '2024-02-06', '3', '4', '909.00', 'completed', '2308.93', '2025-11-12 22:03:06', '2025-11-12 22:03:06' ),
( '65', '2024-02-18', '2024-02-25', '65', '65', '7', '1186.50', '2024-02-18', '2024-02-25', '5', '6', '249.98', 'confirmed', '1436.48', '2025-11-12 22:03:06', '2025-11-12 22:03:06' ),
( '66', '2024-03-12', '2024-03-19', '66', '66', '7', '1329.93', '2024-03-12', '2024-03-19', '7', '8', '369.50', 'pending', '1699.43', '2025-11-12 22:03:06', '2025-11-12 22:03:06' ),
( '67', '2024-01-20', '2024-01-27', '67', '67', '7', '1049.93', '2024-01-20', '2024-01-27', '9', '10', '788.00', 'completed', '1837.93', '2025-11-12 22:03:06', '2025-11-12 22:03:06' ),
( '68', '2024-02-05', '2024-02-12', '68', '68', '7', '1259.93', '2024-02-05', '2024-02-12', '11', '12', '189.98', 'confirmed', '1449.91', '2025-11-12 22:03:06', '2025-11-12 22:03:06' ),
( '69', '2024-03-25', '2024-04-01', '69', '69', '7', '1399.93', '2024-03-25', '2024-04-01', '13', '14', '649.00', 'pending', '2048.93', '2025-11-12 22:03:06', '2025-11-12 22:03:06' ),
( '70', '2024-01-28', '2024-02-04', '70', '70', '7', '1119.93', '2024-01-28', '2024-02-04', '15', '16', '549.98', 'completed', '1669.91', '2025-11-12 22:03:06', '2025-11-12 22:03:06' ),
( '71', '2024-02-22', '2024-02-29', '71', '71', '7', '1329.93', '2024-02-22', '2024-02-29', '17', '18', '389.50', 'confirmed', '1719.43', '2025-11-12 22:03:06', '2025-11-12 22:03:06' ),
( '72', '2024-03-30', '2024-04-06', '72', '72', '7', '1049.93', '2024-03-30', '2024-04-06', '19', '20', '708.00', 'pending', '1757.93', '2025-11-12 22:03:06', '2025-11-12 22:03:06' ),
( '73', '2024-01-15', '2024-01-22', '73', '73', '7', '1259.93', '2024-01-15', '2024-01-22', '21', '22', '489.98', 'completed', '1749.91', '2025-11-12 22:03:06', '2025-11-12 22:03:06' ),
( '74', '2024-02-10', '2024-02-17', '74', '74', '7', '1399.93', '2024-02-10', '2024-02-17', '23', '24', '429.00', 'confirmed', '1828.93', '2025-11-12 22:03:06', '2025-11-12 22:03:06' ),
( '75', '2024-03-05', '2024-03-12', '75', '75', '7', '1119.93', '2024-03-05', '2024-03-12', '25', '26', '568.00', 'pending', '1687.93', '2025-11-12 22:03:06', '2025-11-12 22:03:06' ),
( '76', '2024-01-31', '2024-02-07', '76', '76', '7', '1329.93', '2024-01-31', '2024-02-07', '27', '28', '449.98', 'completed', '1779.91', '2025-11-12 22:03:06', '2025-11-12 22:03:06' ),
( '77', '2024-02-19', '2024-02-26', '77', '77', '7', '1049.93', '2024-02-19', '2024-02-26', '29', '30', '769.00', 'confirmed', '1818.93', '2025-11-12 22:03:06', '2025-11-12 22:03:06' ),
( '78', '2024-03-22', '2024-03-29', '78', '78', '7', '1259.93', '2024-03-22', '2024-03-29', '31', '32', '169.98', 'pending', '1429.91', '2025-11-12 22:03:06', '2025-11-12 22:03:06' ),
( '79', '2024-01-26', '2024-02-02', '79', '79', '7', '1399.93', '2024-01-26', '2024-02-02', '33', '34', '129.98', 'completed', '1529.91', '2025-11-12 22:03:06', '2025-11-12 22:03:06' ),
( '80', '2024-02-28', '2024-03-06', '80', '80', '7', '1119.93', '2024-02-28', '2024-03-06', '35', '36', '589.00', 'confirmed', '1708.93', '2025-11-12 22:03:06', '2025-11-12 22:03:06' ),
( '81', '2024-03-18', '2024-03-25', '81', '81', '7', '1329.93', '2024-03-18', '2024-03-25', '37', '38', '369.98', 'pending', '1699.91', '2025-11-12 22:03:06', '2025-11-12 22:03:06' ),
( '82', '2024-01-24', '2024-01-31', '82', '82', '7', '1049.93', '2024-01-24', '2024-01-31', '39', '40', '848.00', 'completed', '1897.93', '2025-11-12 22:03:06', '2025-11-12 22:03:06' ),
( '83', '2024-02-11', '2024-02-18', '83', '83', '7', '1259.93', '2024-02-11', '2024-02-18', '41', '42', '309.50', 'confirmed', '1569.43', '2025-11-12 22:03:06', '2025-11-12 22:03:06' ),
( '84', '2024-03-28', '2024-04-04', '84', '84', '7', '1399.93', '2024-03-28', '2024-04-04', '43', '44', '469.00', 'pending', '1868.93', '2025-11-12 22:03:06', '2025-11-12 22:03:06' ),
( '85', '2024-01-29', '2024-02-05', '85', '85', '7', '1119.93', '2024-01-29', '2024-02-05', '45', '46', '389.98', 'completed', '1509.91', '2025-11-12 22:03:06', '2025-11-12 22:03:06' ),
( '86', '2024-02-24', '2024-03-02', '86', '86', '7', '1329.93', '2024-02-24', '2024-03-02', '47', '48', '249.50', 'confirmed', '1579.43', '2025-11-12 22:03:06', '2025-11-12 22:03:06' ),
( '87', '2024-03-31', '2024-04-07', '87', '87', '7', '1049.93', '2024-03-31', '2024-04-07', '49', '50', '529.00', 'pending', '1578.93', '2025-11-12 22:03:06', '2025-11-12 22:03:06' ),
( '88', '2024-01-27', '2024-02-03', '88', '88', '7', '1259.93', '2024-01-27', '2024-02-03', '51', '52', '329.98', 'completed', '1589.91', '2025-11-12 22:03:06', '2025-11-12 22:03:06' ),
( '89', '2024-02-26', '2024-03-04', '89', '89', '7', '1399.93', '2024-02-26', '2024-03-04', '53', '54', '368.00', 'confirmed', '1767.93', '2025-11-12 22:03:06', '2025-11-12 22:03:06' ),
( '90', '2024-03-19', '2024-03-26', '90', '90', '7', '1119.93', '2024-03-19', '2024-03-26', '55', '56', '149.98', 'pending', '1269.91', '2025-11-12 22:03:06', '2025-11-12 22:03:06' ),
( '91', '2024-01-23', '2024-01-30', '91', '91', '7', '1329.93', '2024-01-23', '2024-01-30', '57', '58', '689.00', 'completed', '2018.93', '2025-11-12 22:03:06', '2025-11-12 22:03:06' ),
( '92', '2024-02-12', '2024-02-19', '92', '92', '7', '1049.93', '2024-02-12', '2024-02-19', '59', '60', '389.98', 'confirmed', '1439.91', '2025-11-12 22:03:06', '2025-11-12 22:03:06' ),
( '93', '2024-03-23', '2024-03-30', '93', '93', '7', '1259.93', '2024-03-23', '2024-03-30', '61', '62', '169.50', 'pending', '1429.43', '2025-11-12 22:03:06', '2025-11-12 22:03:06' ),
( '94', '2024-01-21', '2024-01-28', '94', '94', '7', '1399.93', '2024-01-21', '2024-01-28', '63', '64', '429.00', 'completed', '1828.93', '2025-11-12 22:03:06', '2025-11-12 22:03:06' ),
( '95', '2024-02-20', '2024-02-27', '95', '95', '7', '1119.93', '2024-02-20', '2024-02-27', '65', '66', '129.98', 'confirmed', '1249.91', '2025-11-12 22:03:06', '2025-11-12 22:03:06' ),
( '96', '2024-03-29', '2024-04-05', '96', '96', '7', '1329.93', '2024-03-29', '2024-04-05', '67', '68', '308.00', 'pending', '1637.93', '2025-11-12 22:03:06', '2025-11-12 22:03:06' ),
( '97', '2024-01-30', '2024-02-06', '97', '97', '7', '1049.93', '2024-01-30', '2024-02-06', '69', '70', '189.98', 'completed', '1239.91', '2025-11-12 22:03:06', '2025-11-12 22:03:06' ),
( '98', '2024-02-25', '2024-03-03', '98', '98', '7', '1259.93', '2024-02-25', '2024-03-03', '71', '72', '289.00', 'confirmed', '1548.93', '2025-11-12 22:03:06', '2025-11-12 22:03:06' ),
( '99', '2024-04-01', '2024-04-08', '99', '99', '7', '1399.93', '2024-04-01', '2024-04-08', '73', '74', '349.98', 'pending', '1749.91', '2025-11-12 22:03:06', '2025-11-12 22:03:06' ),
( '100', '2024-04-05', '2024-04-12', '1', '10', '7', '1958.25', '2024-04-05', '2024-04-12', '77', '78', '209.98', 'confirmed', '2168.23', '2025-11-12 22:03:06', '2025-11-12 22:03:06' ),
( '101', '2024-04-12', '2024-04-19', '2', '20', '7', '1399.93', '2024-04-12', '2024-04-19', '79', '80', '129.00', 'pending', '1528.93', '2025-11-12 22:03:06', '2025-11-12 22:03:06' ),
( '102', '2024-04-19', '2024-04-26', '3', '30', '7', '1186.50', '2024-04-19', '2024-04-26', '81', '82', '139.98', 'confirmed', '1326.48', '2025-11-12 22:03:06', '2025-11-12 22:03:06' ),
( '103', '2024-04-26', '2024-05-03', '4', '40', '7', '1116.50', '2024-04-26', '2024-05-03', '83', '84', '448.00', 'pending', '1564.50', '2025-11-12 22:03:06', '2025-11-12 22:03:06' ),
( '104', '2024-05-03', '2024-05-10', '5', '50', '7', '1259.93', '2024-05-03', '2024-05-10', '85', '86', '229.50', 'confirmed', '1489.43', '2025-11-12 22:03:06', '2025-11-12 22:03:06' ),
( '105', '2024-05-10', '2024-05-17', '6', '60', '7', '1329.93', '2024-05-10', '2024-05-17', '87', '88', '349.00', 'pending', '1678.93', '2025-11-12 22:03:06', '2025-11-12 22:03:06' ),
( '106', '2024-05-17', '2024-05-24', '7', '70', '7', '1256.50', '2024-05-17', '2024-05-24', '89', '90', '169.98', 'confirmed', '1426.48', '2025-11-12 22:03:06', '2025-11-12 22:03:06' ),
( '107', '2024-05-24', '2024-05-31', '8', '80', '7', '1399.93', '2024-05-24', '2024-05-31', '91', '92', '188.00', 'pending', '1587.93', '2025-11-12 22:03:06', '2025-11-12 22:03:06' ),
( '108', '2024-05-31', '2024-06-07', '9', '90', '7', '1119.93', '2024-05-31', '2024-06-07', '93', '94', '209.98', 'confirmed', '1329.91', '2025-11-12 22:03:06', '2025-11-12 22:03:06' ),
( '109', '2024-06-07', '2024-06-14', '10', '15', '7', '1329.93', '2024-06-07', '2024-06-14', '95', '96', '389.00', 'pending', '1718.93', '2025-11-12 22:03:06', '2025-11-12 22:03:06' ),
( '110', '2024-06-14', '2024-06-21', '11', '25', '7', '1046.50', '2024-06-14', '2024-06-21', '97', '98', '269.98', 'confirmed', '1316.48', '2025-11-12 22:03:06', '2025-11-12 22:03:06' ),
( '111', '2024-06-21', '2024-06-28', '12', '35', '7', '1186.50', '2024-06-21', '2024-06-28', '99', '100', '248.00', 'pending', '1434.50', '2025-11-12 22:03:06', '2025-11-12 22:03:06' ),
( '112', '2024-06-28', '2024-07-05', '13', '45', '7', '1049.93', '2024-06-28', '2024-07-05', '1', '2', '589.98', 'confirmed', '1639.91', '2025-11-12 22:03:06', '2025-11-12 22:03:06' ),
( '113', '2024-07-05', '2024-07-12', '14', '55', '7', '1329.93', '2024-07-05', '2024-07-12', '3', '4', '909.00', 'pending', '2238.93', '2025-11-12 22:03:06', '2025-11-12 22:03:06' ),
( '114', '2024-07-12', '2024-07-19', '15', '65', '7', '1186.50', '2024-07-12', '2024-07-19', '5', '6', '249.98', 'confirmed', '1436.48', '2025-11-12 22:03:06', '2025-11-12 22:03:06' ),
( '115', '2024-07-19', '2024-07-26', '16', '75', '7', '1329.93', '2024-07-19', '2024-07-26', '7', '8', '369.50', 'pending', '1699.43', '2025-11-12 22:03:06', '2025-11-12 22:03:06' ),
( '116', '2024-07-26', '2024-08-02', '17', '85', '7', '1399.93', '2024-07-26', '2024-08-02', '9', '10', '788.00', 'confirmed', '2187.93', '2025-11-12 22:03:06', '2025-11-12 22:03:06' ),
( '117', '2024-08-02', '2024-08-09', '18', '95', '7', '1119.93', '2024-08-02', '2024-08-09', '11', '12', '189.98', 'pending', '1309.91', '2025-11-12 22:03:06', '2025-11-12 22:03:06' ),
( '118', '2024-08-09', '2024-08-16', '19', '5', '7', '2793.00', '2024-08-09', '2024-08-16', '13', '14', '649.00', 'confirmed', '3442.00', '2025-11-12 22:03:06', '2025-11-12 22:03:06' ),
( '119', '2024-08-16', '2024-08-23', '20', '15', '7', '1329.93', '2024-08-16', '2024-08-23', '15', '16', '549.98', 'pending', '1879.91', '2025-11-12 22:03:06', '2025-11-12 22:03:06' ),
( '120', '2024-08-23', '2024-08-30', '21', '25', '7', '1046.50', '2024-08-23', '2024-08-30', '17', '18', '389.50', 'confirmed', '1436.00', '2025-11-12 22:03:06', '2025-11-12 22:03:06' ),
( '121', '2024-08-30', '2024-09-06', '22', '35', '7', '1186.50', '2024-08-30', '2024-09-06', '19', '20', '708.00', 'pending', '1894.50', '2025-11-12 22:03:06', '2025-11-12 22:03:06' ),
( '122', '2024-09-06', '2024-09-13', '23', '45', '7', '1049.93', '2024-09-06', '2024-09-13', '21', '22', '489.98', 'confirmed', '1539.91', '2025-11-12 22:03:06', '2025-11-12 22:03:06' ),
( '123', '2024-09-13', '2024-09-20', '24', '55', '7', '1329.93', '2024-09-13', '2024-09-20', '23', '24', '429.00', 'pending', '1758.93', '2025-11-12 22:03:06', '2025-11-12 22:03:06' ),
( '124', '2024-09-20', '2024-09-27', '25', '65', '7', '1186.50', '2024-09-20', '2024-09-27', '25', '26', '568.00', 'confirmed', '1754.50', '2025-11-12 22:03:06', '2025-11-12 22:03:06' ),
( '125', '2024-09-27', '2024-10-04', '26', '75', '7', '1329.93', '2024-09-27', '2024-10-04', '27', '28', '449.98', 'pending', '1779.91', '2025-11-12 22:03:06', '2025-11-12 22:03:06' ),
( '126', '2024-10-04', '2024-10-11', '27', '85', '7', '1399.93', '2024-10-04', '2024-10-11', '29', '30', '769.00', 'confirmed', '2168.93', '2025-11-12 22:03:06', '2025-11-12 22:03:06' ),
( '127', '2024-10-11', '2024-10-18', '28', '95', '7', '1119.93', '2024-10-11', '2024-10-18', '31', '32', '169.98', 'pending', '1289.91', '2025-11-12 22:03:06', '2025-11-12 22:03:06' ),
( '128', '2024-10-18', '2024-10-25', '29', '8', '7', '3213.00', '2024-10-18', '2024-10-25', '33', '34', '129.98', 'confirmed', '3342.98', '2025-11-12 22:03:06', '2025-11-12 22:03:06' ),
( '129', '2024-10-25', '2024-11-01', '30', '18', '7', '1189.93', '2024-10-25', '2024-11-01', '35', '36', '589.00', 'pending', '1778.93', '2025-11-12 22:03:06', '2025-11-12 22:03:06' ),
( '130', '2024-11-01', '2024-11-08', '31', '28', '7', '1394.75', '2024-11-01', '2024-11-08', '37', '38', '369.98', 'confirmed', '1764.73', '2025-11-12 22:03:06', '2025-11-12 22:03:06' ),
( '131', '2024-11-08', '2024-11-15', '32', '38', '7', '1259.93', '2024-11-08', '2024-11-15', '39', '40', '848.00', 'pending', '2107.93', '2025-11-12 22:03:06', '2025-11-12 22:03:06' ),
( '132', '2024-11-15', '2024-11-22', '33', '48', '7', '1329.93', '2024-11-15', '2024-11-22', '41', '42', '309.50', 'confirmed', '1639.43', '2025-11-12 22:03:06', '2025-11-12 22:03:06' ),
( '133', '2024-11-22', '2024-11-29', '34', '58', '7', '1259.93', '2024-11-22', '2024-11-29', '43', '44', '469.00', 'pending', '1728.93', '2025-11-12 22:03:06', '2025-11-12 22:03:06' ),
( '134', '2024-11-29', '2024-12-06', '35', '68', '7', '1399.93', '2024-11-29', '2024-12-06', '45', '46', '389.98', 'confirmed', '1789.91', '2025-11-12 22:03:06', '2025-11-12 22:03:06' ),
( '135', '2024-12-06', '2024-12-13', '36', '78', '7', '1119.93', '2024-12-06', '2024-12-13', '47', '48', '249.50', 'pending', '1369.43', '2025-11-12 22:03:06', '2025-11-12 22:03:06' ),
( '136', '2024-12-13', '2024-12-20', '37', '88', '7', '1259.93', '2024-12-13', '2024-12-20', '49', '50', '529.00', 'confirmed', '1788.93', '2025-11-12 22:03:06', '2025-11-12 22:03:06' ),
( '137', '2024-12-20', '2024-12-27', '38', '98', '7', '1259.93', '2024-12-20', '2024-12-27', '51', '52', '329.98', 'pending', '1589.91', '2025-11-12 22:03:06', '2025-11-12 22:03:06' ),
( '138', '2024-12-27', '2025-01-03', '39', '3', '7', '1328.25', '2024-12-27', '2025-01-03', '53', '54', '368.00', 'confirmed', '1696.25', '2025-11-12 22:03:06', '2025-11-12 22:03:06' ),
( '139', '2025-01-03', '2025-01-10', '40', '13', '7', '1609.93', '2025-01-03', '2025-01-10', '55', '56', '149.98', 'pending', '1759.91', '2025-11-12 22:03:06', '2025-11-12 22:03:06' ),
( '140', '2025-01-10', '2025-01-17', '41', '23', '7', '1604.75', '2025-01-10', '2025-01-17', '57', '58', '689.00', 'confirmed', '2293.75', '2025-11-12 22:03:06', '2025-11-12 22:03:06' ),
( '141', '2025-01-17', '2025-01-24', '42', '33', '7', '1119.93', '2025-01-17', '2025-01-24', '59', '60', '389.98', 'pending', '1509.91', '2025-11-12 22:03:06', '2025-11-12 22:03:06' ),
( '142', '2025-01-24', '2025-01-31', '43', '43', '7', '1324.75', '2025-01-24', '2025-01-31', '61', '62', '169.50', 'confirmed', '1494.25', '2025-11-12 22:03:06', '2025-11-12 22:03:06' ),
( '143', '2025-01-31', '2025-02-07', '44', '53', '7', '1256.50', '2025-01-31', '2025-02-07', '63', '64', '429.00', 'pending', '1685.50', '2025-11-12 22:03:06', '2025-11-12 22:03:06' ),
( '144', '2025-02-07', '2025-02-14', '45', '63', '7', '1119.93', '2025-02-07', '2025-02-14', '65', '66', '129.98', 'confirmed', '1249.91', '2025-11-12 22:03:06', '2025-11-12 22:03:06' ),
( '145', '2025-02-14', '2025-02-21', '46', '73', '7', '1259.93', '2025-02-14', '2025-02-21', '67', '68', '308.00', 'pending', '1567.93', '2025-11-12 22:03:06', '2025-11-12 22:03:06' ),
( '146', '2025-02-21', '2025-02-28', '47', '83', '7', '1399.93', '2025-02-21', '2025-02-28', '69', '70', '189.98', 'confirmed', '1589.91', '2025-11-12 22:03:06', '2025-11-12 22:03:06' ),
( '147', '2025-02-28', '2025-03-07', '48', '93', '7', '1259.93', '2025-02-28', '2025-03-07', '71', '72', '289.00', 'pending', '1548.93', '2025-11-12 22:03:06', '2025-11-12 22:03:06' ),
( '148', '2025-03-07', '2025-03-14', '49', '2', '7', '1746.50', '2025-03-07', '2025-03-14', '73', '74', '349.98', 'confirmed', '2096.48', '2025-11-12 22:03:06', '2025-11-12 22:03:06' ),
( '149', '2025-03-14', '2025-03-21', '50', '12', '7', '1394.75', '2025-03-14', '2025-03-21', '75', '76', '388.00', 'pending', '1782.75', '2025-11-12 22:03:06', '2025-11-12 22:03:06' ),
( '150', '2024-04-08', '2024-04-15', '51', '22', '7', '1539.93', '2024-04-08', '2024-04-15', '77', '78', '209.98', 'confirmed', '1749.91', '2025-11-12 22:03:06', '2025-11-12 22:03:06' ),
( '151', '2024-04-15', '2024-04-22', '52', '32', '7', '1259.93', '2024-04-15', '2024-04-22', '79', '80', '129.00', 'pending', '1388.93', '2025-11-12 22:03:06', '2025-11-12 22:03:06' ),
( '152', '2024-04-22', '2024-04-29', '53', '42', '7', '1399.93', '2024-04-22', '2024-04-29', '81', '82', '139.98', 'confirmed', '1539.91', '2025-11-12 22:03:06', '2025-11-12 22:03:06' ),
( '153', '2024-04-29', '2024-05-06', '54', '52', '7', '1259.93', '2024-04-29', '2024-05-06', '83', '84', '448.00', 'pending', '1707.93', '2025-11-12 22:03:06', '2025-11-12 22:03:06' ),
( '154', '2024-05-06', '2024-05-13', '55', '62', '7', '1329.93', '2024-05-06', '2024-05-13', '85', '86', '229.50', 'confirmed', '1559.43', '2025-11-12 22:03:06', '2025-11-12 22:03:06' ),
( '155', '2024-05-13', '2024-05-20', '56', '72', '7', '1049.93', '2024-05-13', '2024-05-20', '87', '88', '349.00', 'pending', '1398.93', '2025-11-12 22:03:06', '2025-11-12 22:03:06' ),
( '156', '2024-05-20', '2024-05-27', '57', '82', '7', '1259.93', '2024-05-20', '2024-05-27', '89', '90', '169.98', 'confirmed', '1429.91', '2025-11-12 22:03:06', '2025-11-12 22:03:06' ),
( '157', '2024-05-27', '2024-06-03', '58', '92', '7', '1399.93', '2024-05-27', '2024-06-03', '91', '92', '188.00', 'pending', '1587.93', '2025-11-12 22:03:06', '2025-11-12 22:03:06' ),
( '158', '2024-06-03', '2024-06-10', '59', '7', '7', '1539.93', '2024-06-03', '2024-06-10', '93', '94', '209.98', 'confirmed', '1749.91', '2025-11-12 22:03:06', '2025-11-12 22:03:06' ),
( '159', '2024-06-10', '2024-06-17', '60', '17', '7', '1679.93', '2024-06-10', '2024-06-17', '95', '96', '389.00', 'pending', '2068.93', '2025-11-12 22:03:06', '2025-11-12 22:03:06' ),
( '160', '2024-06-17', '2024-06-24', '61', '27', '7', '1259.93', '2024-06-17', '2024-06-24', '97', '98', '269.98', 'confirmed', '1529.91', '2025-11-12 22:03:06', '2025-11-12 22:03:06' ),
( '161', '2024-06-24', '2024-07-01', '62', '37', '7', '1186.50', '2024-06-24', '2024-07-01', '99', '100', '248.00', 'pending', '1434.50', '2025-11-12 22:03:06', '2025-11-12 22:03:06' ),
( '162', '2024-07-01', '2024-07-08', '63', '47', '7', '1394.75', '2024-07-01', '2024-07-08', '1', '2', '589.98', 'confirmed', '1984.73', '2025-11-12 22:03:06', '2025-11-12 22:03:06' ),
( '163', '2024-07-08', '2024-07-15', '64', '57', '7', '1259.93', '2024-07-08', '2024-07-15', '3', '4', '909.00', 'pending', '2168.93', '2025-11-12 22:03:06', '2025-11-12 22:03:06' ),
( '164', '2024-07-15', '2024-07-22', '65', '67', '7', '1329.93', '2024-07-15', '2024-07-22', '5', '6', '249.98', 'confirmed', '1579.91', '2025-11-12 22:03:06', '2025-11-12 22:03:06' ),
( '165', '2024-07-22', '2024-07-29', '66', '77', '7', '1119.93', '2024-07-22', '2024-07-29', '7', '8', '369.50', 'pending', '1489.43', '2025-11-12 22:03:06', '2025-11-12 22:03:06' ),
( '166', '2024-07-29', '2024-08-05', '67', '87', '7', '1399.93', '2024-07-29', '2024-08-05', '9', '10', '788.00', 'confirmed', '2187.93', '2025-11-12 22:03:06', '2025-11-12 22:03:06' ),
( '167', '2024-08-05', '2024-08-12', '68', '97', '7', '1259.93', '2024-08-05', '2024-08-12', '11', '12', '189.98', 'pending', '1449.91', '2025-11-12 22:03:06', '2025-11-12 22:03:06' ),
( '168', '2024-08-12', '2024-08-19', '69', '6', '7', '2304.75', '2024-08-12', '2024-08-19', '13', '14', '649.00', 'confirmed', '2953.75', '2025-11-12 22:03:06', '2025-11-12 22:03:06' ),
( '169', '2024-08-19', '2024-08-26', '70', '16', '7', '1958.25', '2024-08-19', '2024-08-26', '15', '16', '549.98', 'pending', '2508.23', '2025-11-12 22:03:06', '2025-11-12 22:03:06' ),
( '170', '2024-08-26', '2024-09-02', '71', '26', '7', '1468.25', '2024-08-26', '2024-09-02', '17', '18', '389.50', 'confirmed', '1857.75', '2025-11-12 22:03:06', '2025-11-12 22:03:06' ),
( '171', '2024-09-02', '2024-09-09', '72', '36', '7', '1329.93', '2024-09-02', '2024-09-09', '19', '20', '708.00', 'pending', '2037.93', '2025-11-12 22:03:06', '2025-11-12 22:03:06' ),
( '172', '2024-09-09', '2024-09-16', '73', '46', '7', '1259.93', '2024-09-09', '2024-09-16', '21', '22', '489.98', 'confirmed', '1749.91', '2025-11-12 22:03:06', '2025-11-12 22:03:06' ),
( '173', '2024-09-16', '2024-09-23', '74', '56', '7', '1329.93', '2024-09-16', '2024-09-23', '23', '24', '429.00', 'pending', '1758.93', '2025-11-12 22:03:06', '2025-11-12 22:03:06' ),
( '174', '2024-09-23', '2024-09-30', '75', '66', '7', '1399.93', '2024-09-23', '2024-09-30', '25', '26', '568.00', 'confirmed', '1967.93', '2025-11-12 22:03:06', '2025-11-12 22:03:06' ),
( '175', '2024-09-30', '2024-10-07', '76', '76', '7', '1394.75', '2024-09-30', '2024-10-07', '27', '28', '449.98', 'pending', '1844.73', '2025-11-12 22:03:06', '2025-11-12 22:03:06' ),
( '176', '2024-10-07', '2024-10-14', '77', '86', '7', '1399.93', '2024-10-07', '2024-10-14', '29', '30', '769.00', 'confirmed', '2168.93', '2025-11-12 22:03:06', '2025-11-12 22:03:06' ),
( '177', '2024-10-14', '2024-10-21', '78', '96', '7', '1259.93', '2024-10-14', '2024-10-21', '31', '32', '169.98', 'pending', '1429.91', '2025-11-12 22:03:06', '2025-11-12 22:03:06' ),
( '178', '2024-10-21', '2024-10-28', '79', '1', '7', '2099.93', '2024-10-21', '2024-10-28', '33', '34', '129.98', 'confirmed', '2229.91', '2025-11-12 22:03:06', '2025-11-12 22:03:06' ),
( '179', '2024-10-28', '2024-11-04', '80', '11', '7', '2169.93', '2024-10-28', '2024-11-04', '35', '36', '589.00', 'pending', '2758.93', '2025-11-12 22:03:06', '2025-11-12 22:03:06' ),
( '180', '2024-11-04', '2024-11-11', '81', '21', '7', '1326.50', '2024-11-04', '2024-11-11', '37', '38', '369.98', 'confirmed', '1696.48', '2025-11-12 22:03:06', '2025-11-12 22:03:06' ),
( '181', '2024-11-11', '2024-11-18', '82', '31', '7', '1119.93', '2024-11-11', '2024-11-18', '39', '40', '848.00', 'pending', '1967.93', '2025-11-12 22:03:06', '2025-11-12 22:03:06' ),
( '182', '2024-11-18', '2024-11-25', '83', '41', '7', '1609.93', '2024-11-18', '2024-11-25', '41', '42', '309.50', 'confirmed', '1919.43', '2025-11-12 22:03:06', '2025-11-12 22:03:06' ),
( '183', '2024-11-25', '2024-12-02', '84', '51', '7', '1256.50', '2024-11-25', '2024-12-02', '43', '44', '469.00', 'pending', '1725.50', '2025-11-12 22:03:06', '2025-11-12 22:03:06' ),
( '184', '2024-12-02', '2024-12-09', '85', '61', '7', '1609.93', '2024-12-02', '2024-12-09', '45', '46', '389.98', 'confirmed', '1999.91', '2025-11-12 22:03:06', '2025-11-12 22:03:06' ),
( '185', '2024-12-09', '2024-12-16', '86', '71', '7', '1679.93', '2024-12-09', '2024-12-16', '47', '48', '249.50', 'pending', '1929.43', '2025-11-12 22:03:06', '2025-11-12 22:03:06' ),
( '186', '2024-12-16', '2024-12-23', '87', '81', '7', '1399.93', '2024-12-16', '2024-12-23', '49', '50', '529.00', 'confirmed', '1928.93', '2025-11-12 22:03:06', '2025-11-12 22:03:06' ),
( '187', '2024-12-23', '2024-12-30', '88', '91', '7', '1329.93', '2024-12-23', '2024-12-30', '51', '52', '329.98', 'pending', '1659.91', '2025-11-12 22:03:06', '2025-11-12 22:03:06' ),
( '188', '2024-12-30', '2025-01-06', '89', '4', '7', '1119.93', '2024-12-30', '2025-01-06', '53', '54', '368.00', 'confirmed', '1487.93', '2025-11-12 22:03:06', '2025-11-12 22:03:06' ),
( '189', '2025-01-06', '2025-01-13', '90', '14', '7', '1886.50', '2025-01-06', '2025-01-13', '55', '56', '149.98', 'pending', '2036.48', '2025-11-12 22:03:06', '2025-11-12 22:03:06' ),
( '190', '2025-01-13', '2025-01-20', '91', '24', '7', '1259.93', '2025-01-13', '2025-01-20', '57', '58', '689.00', 'confirmed', '1948.93', '2025-11-12 22:03:06', '2025-11-12 22:03:06' ),
( '191', '2025-01-20', '2025-01-27', '92', '34', '7', '1399.93', '2025-01-20', '2025-01-27', '59', '60', '389.98', 'pending', '1789.91', '2025-11-12 22:03:06', '2025-11-12 22:03:06' ),
( '192', '2025-01-27', '2025-02-03', '93', '44', '7', '1399.93', '2025-01-27', '2025-02-03', '61', '62', '169.50', 'confirmed', '1569.43', '2025-11-12 22:03:06', '2025-11-12 22:03:06' ),
( '193', '2025-02-03', '2025-02-10', '94', '54', '7', '1329.93', '2025-02-03', '2025-02-10', '63', '64', '429.00', 'pending', '1758.93', '2025-11-12 22:03:06', '2025-11-12 22:03:06' ),
( '194', '2025-02-10', '2025-02-17', '95', '64', '7', '1399.93', '2025-02-10', '2025-02-17', '65', '66', '129.98', 'confirmed', '1529.91', '2025-11-12 22:03:06', '2025-11-12 22:03:06' ),
( '195', '2025-02-17', '2025-02-24', '96', '74', '7', '1259.93', '2025-02-17', '2025-02-24', '67', '68', '308.00', 'pending', '1567.93', '2025-11-12 22:03:06', '2025-11-12 22:03:06' ),
( '196', '2025-02-24', '2025-03-03', '97', '84', '7', '1399.93', '2025-02-24', '2025-03-03', '69', '70', '189.98', 'confirmed', '1589.91', '2025-11-12 22:03:06', '2025-11-12 22:03:06' ),
( '197', '2025-03-03', '2025-03-10', '98', '94', '7', '1259.93', '2025-03-03', '2025-03-10', '71', '72', '289.00', 'pending', '1548.93', '2025-11-12 22:03:06', '2025-11-12 22:03:06' ),
( '198', '2025-03-10', '2025-03-17', '99', '9', '7', '1256.50', '2025-03-10', '2025-03-17', '73', '74', '349.98', 'confirmed', '1606.48', '2025-11-12 22:03:06', '2025-11-12 22:03:06' ),
( '199', '2024-04-10', '2024-04-13', '1', '5', '3', '1197.00', '2024-04-10', '2024-04-13', '1', '2', '589.98', 'confirmed', '1786.98', '2025-11-12 22:03:06', '2025-11-12 22:03:06' ),
( '200', '2024-04-14', '2024-04-17', '2', '15', '3', '848.70', '2024-04-14', '2024-04-17', '3', '4', '909.00', 'pending', '1757.70', '2025-11-12 22:03:06', '2025-11-12 22:03:06' ),
( '201', '2024-04-18', '2024-04-21', '3', '25', '3', '569.25', '2024-04-18', '2024-04-21', '5', '6', '249.98', 'confirmed', '819.23', '2025-11-12 22:03:06', '2025-11-12 22:03:06' ),
( '202', '2024-04-22', '2024-04-25', '4', '35', '3', '509.97', '2024-04-22', '2024-04-25', '7', '8', '369.50', 'pending', '879.47', '2025-11-12 22:03:06', '2025-11-12 22:03:06' ),
( '203', '2024-04-26', '2024-04-29', '5', '45', '3', '1019.97', '2024-04-26', '2024-04-29', '9', '10', '788.00', 'confirmed', '1807.97', '2025-11-12 22:03:06', '2025-11-12 22:03:06' ),
( '204', '2024-04-30', '2024-05-03', '6', '55', '3', '987.75', '2024-04-30', '2024-05-03', '11', '12', '189.98', 'pending', '1177.73', '2025-11-12 22:03:06', '2025-11-12 22:03:06' ),
( '205', '2024-05-04', '2024-05-07', '7', '65', '3', '569.25', '2024-05-04', '2024-05-07', '13', '14', '649.00', 'confirmed', '1218.25', '2025-11-12 22:03:06', '2025-11-12 22:03:06' ),
( '206', '2024-05-08', '2024-05-11', '8', '75', '3', '479.97', '2024-05-08', '2024-05-11', '15', '16', '549.98', 'pending', '1029.95', '2025-11-12 22:03:06', '2025-11-12 22:03:06' ),
( '207', '2024-05-12', '2024-05-15', '9', '85', '3', '539.25', '2024-05-12', '2024-05-15', '17', '18', '389.50', 'confirmed', '928.75', '2025-11-12 22:03:06', '2025-11-12 22:03:06' ),
( '208', '2024-05-16', '2024-05-19', '10', '95', '3', '839.25', '2024-05-16', '2024-05-19', '19', '20', '708.00', 'pending', '1547.25', '2025-11-12 22:03:06', '2025-11-12 22:03:06' ),
( '209', '2024-05-20', '2024-05-23', '11', '8', '3', '1377.00', '2024-05-20', '2024-05-23', '21', '22', '489.98', 'confirmed', '1866.98', '2025-11-12 22:03:06', '2025-11-12 22:03:06' ),
( '210', '2024-05-24', '2024-05-27', '12', '18', '3', '569.25', '2024-05-24', '2024-05-27', '23', '24', '429.00', 'pending', '998.25', '2025-11-12 22:03:06', '2025-11-12 22:03:06' ),
( '211', '2024-05-28', '2024-05-31', '13', '28', '3', '538.50', '2024-05-28', '2024-05-31', '25', '26', '568.00', 'confirmed', '1106.50', '2025-11-12 22:03:06', '2025-11-12 22:03:06' ),
( '212', '2024-06-01', '2024-06-04', '14', '38', '3', '479.97', '2024-06-01', '2024-06-04', '27', '28', '449.98', 'pending', '929.95', '2025-11-12 22:03:06', '2025-11-12 22:03:06' ),
( '213', '2024-06-05', '2024-06-08', '15', '48', '3', '509.97', '2024-06-05', '2024-06-08', '29', '30', '769.00', 'confirmed', '1278.97', '2025-11-12 22:03:06', '2025-11-12 22:03:06' ),
( '214', '2024-06-09', '2024-06-12', '16', '58', '3', '539.25', '2024-06-09', '2024-06-12', '31', '32', '169.98', 'pending', '709.23', '2025-11-12 22:03:06', '2025-11-12 22:03:06' ),
( '215', '2024-06-13', '2024-06-16', '17', '68', '3', '419.97', '2024-06-13', '2024-06-16', '33', '34', '129.98', 'confirmed', '549.95', '2025-11-12 22:03:06', '2025-11-12 22:03:06' ),
( '216', '2024-06-17', '2024-06-20', '18', '78', '3', '479.97', '2024-06-17', '2024-06-20', '35', '36', '589.00', 'pending', '1068.97', '2025-11-12 22:03:06', '2025-11-12 22:03:06' ),
( '217', '2024-06-21', '2024-06-24', '19', '88', '3', '539.25', '2024-06-21', '2024-06-24', '37', '38', '369.98', 'confirmed', '909.23', '2025-11-12 22:03:06', '2025-11-12 22:03:06' ),
( '218', '2024-06-25', '2024-06-28', '20', '98', '3', '539.25', '2024-06-25', '2024-06-28', '39', '40', '848.00', 'pending', '1387.25', '2025-11-12 22:03:06', '2025-11-12 22:03:06' ),
( '219', '2024-06-29', '2024-07-02', '21', '3', '3', '569.25', '2024-06-29', '2024-07-02', '41', '42', '309.50', 'confirmed', '878.75', '2025-11-12 22:03:06', '2025-11-12 22:03:06' ),
( '220', '2024-07-03', '2024-07-06', '22', '13', '3', '689.97', '2024-07-03', '2024-07-06', '43', '44', '469.00', 'pending', '1158.97', '2025-11-12 22:03:06', '2025-11-12 22:03:06' ),
( '221', '2024-07-07', '2024-07-10', '23', '23', '3', '687.75', '2024-07-07', '2024-07-10', '45', '46', '389.98', 'confirmed', '1077.73', '2025-11-12 22:03:06', '2025-11-12 22:03:06' ),
( '222', '2024-07-11', '2024-07-14', '24', '33', '3', '509.97', '2024-07-11', '2024-07-14', '47', '48', '249.50', 'pending', '759.47', '2025-11-12 22:03:06', '2025-11-12 22:03:06' ),
( '223', '2024-07-15', '2024-07-18', '25', '43', '3', '397.50', '2024-07-15', '2024-07-18', '49', '50', '529.00', 'confirmed', '926.50', '2025-11-12 22:03:06', '2025-11-12 22:03:06' ),
( '224', '2024-07-19', '2024-07-22', '26', '53', '3', '376.50', '2024-07-19', '2024-07-22', '51', '52', '329.98', 'pending', '706.48', '2025-11-12 22:03:06', '2025-11-12 22:03:06' ),
( '225', '2024-07-23', '2024-07-26', '27', '63', '3', '479.97', '2024-07-23', '2024-07-26', '53', '54', '368.00', 'confirmed', '847.97', '2025-11-12 22:03:06', '2025-11-12 22:03:06' ),
( '226', '2024-07-27', '2024-07-30', '28', '73', '3', '539.25', '2024-07-27', '2024-07-30', '55', '56', '149.98', 'pending', '689.23', '2025-11-12 22:03:06', '2025-11-12 22:03:06' ),
( '227', '2024-07-31', '2024-08-03', '29', '83', '3', '419.97', '2024-07-31', '2024-08-03', '57', '58', '689.00', 'confirmed', '1108.97', '2025-11-12 22:03:06', '2025-11-12 22:03:06' ),
( '228', '2024-08-04', '2024-08-07', '30', '93', '3', '479.97', '2024-08-04', '2024-08-07', '59', '60', '389.98', 'pending', '869.95', '2025-11-12 22:03:06', '2025-11-12 22:03:06' ),
( '229', '2024-08-08', '2024-08-11', '31', '2', '3', '748.50', '2024-08-08', '2024-08-11', '61', '62', '169.50', 'confirmed', '918.00', '2025-11-12 22:03:06', '2025-11-12 22:03:06' ),
( '230', '2024-08-12', '2024-08-15', '32', '12', '3', '418.50', '2024-08-12', '2024-08-15', '63', '64', '429.00', 'pending', '847.50', '2025-11-12 22:03:06', '2025-11-12 22:03:06' ),
( '231', '2024-08-16', '2024-08-19', '33', '22', '3', '599.97', '2024-08-16', '2024-08-19', '65', '66', '129.98', 'confirmed', '729.95', '2025-11-12 22:03:06', '2025-11-12 22:03:06' ),
( '232', '2024-08-20', '2024-08-23', '34', '32', '3', '479.97', '2024-08-20', '2024-08-23', '67', '68', '308.00', 'pending', '787.97', '2025-11-12 22:03:06', '2025-11-12 22:03:06' ),
( '233', '2024-08-24', '2024-08-27', '35', '42', '3', '419.97', '2024-08-24', '2024-08-27', '69', '70', '189.98', 'confirmed', '609.95', '2025-11-12 22:03:06', '2025-11-12 22:03:06' ),
( '234', '2024-08-28', '2024-08-31', '36', '52', '3', '539.25', '2024-08-28', '2024-08-31', '71', '72', '289.00', 'pending', '828.25', '2025-11-12 22:03:06', '2025-11-12 22:03:06' ),
( '235', '2024-09-01', '2024-09-04', '37', '62', '3', '569.25', '2024-09-01', '2024-09-04', '73', '74', '349.98', 'confirmed', '919.23', '2025-11-12 22:03:06', '2025-11-12 22:03:06' ),
( '236', '2024-09-05', '2024-09-08', '38', '72', '3', '449.97', '2024-09-05', '2024-09-08', '75', '76', '388.00', 'pending', '837.97', '2025-11-12 22:03:06', '2025-11-12 22:03:06' ),
( '237', '2024-09-09', '2024-09-12', '39', '82', '3', '599.97', '2024-09-09', '2024-09-12', '77', '78', '209.98', 'confirmed', '809.95', '2025-11-12 22:03:06', '2025-11-12 22:03:06' ),
( '238', '2024-09-13', '2024-09-16', '40', '92', '3', '419.97', '2024-09-13', '2024-09-16', '79', '80', '129.00', 'pending', '548.97', '2025-11-12 22:03:06', '2025-11-12 22:03:06' ),
( '239', '2024-09-17', '2024-09-20', '41', '7', '3', '659.97', '2024-09-17', '2024-09-20', '81', '82', '139.98', 'confirmed', '799.95', '2025-11-12 22:03:06', '2025-11-12 22:03:06' ),
( '240', '2024-09-21', '2024-09-24', '42', '17', '3', '503.97', '2024-09-21', '2024-09-24', '83', '84', '448.00', 'pending', '951.97', '2025-11-12 22:03:06', '2025-11-12 22:03:06' ),
( '241', '2024-09-25', '2024-09-28', '43', '27', '3', '689.97', '2024-09-25', '2024-09-28', '85', '86', '229.50', 'confirmed', '919.47', '2025-11-12 22:03:06', '2025-11-12 22:03:06' ),
( '242', '2024-09-29', '2024-10-02', '44', '37', '3', '507.75', '2024-09-29', '2024-10-02', '87', '88', '349.00', 'pending', '856.75', '2025-11-12 22:03:06', '2025-11-12 22:03:06' ),
( '243', '2024-10-03', '2024-10-06', '45', '47', '3', '418.50', '2024-10-03', '2024-10-06', '89', '90', '169.98', 'confirmed', '588.48', '2025-11-12 22:03:06', '2025-11-12 22:03:06' ),
( '244', '2024-10-07', '2024-10-10', '46', '57', '3', '539.25', '2024-10-07', '2024-10-10', '91', '92', '188.00', 'pending', '727.25', '2025-11-12 22:03:06', '2025-11-12 22:03:06' ),
( '245', '2024-10-11', '2024-10-14', '47', '67', '3', '569.25', '2024-10-11', '2024-10-14', '93', '94', '209.98', 'confirmed', '779.23', '2025-11-12 22:03:06', '2025-11-12 22:03:06' ),
( '246', '2024-10-15', '2024-10-18', '48', '77', '3', '479.97', '2024-10-15', '2024-10-18', '95', '96', '389.00', 'pending', '868.97', '2025-11-12 22:03:06', '2025-11-12 22:03:06' ),
( '247', '2024-10-19', '2024-10-22', '49', '87', '3', '419.97', '2024-10-19', '2024-10-22', '97', '98', '269.98', 'confirmed', '689.95', '2025-11-12 22:03:06', '2025-11-12 22:03:06' ),
( '248', '2024-10-23', '2024-10-26', '50', '97', '3', '539.25', '2024-10-23', '2024-10-26', '99', '100', '248.00', 'pending', '787.25', '2025-11-12 22:03:06', '2025-11-12 22:03:06' ),
( '249', '2024-04-05', '2024-04-12', '51', '10', '7', '1958.25', '2024-04-05', '2024-04-12', '1', '2', '589.98', 'completed', '2548.23', '2025-11-12 22:03:06', '2025-11-12 22:03:06' ),
( '250', '2024-04-08', '2024-04-11', '52', '20', '3', '599.97', '2024-04-08', '2024-04-11', '3', '4', '909.00', 'confirmed', '1508.97', '2025-11-12 22:03:06', '2025-11-12 22:03:06' ),
( '251', '2024-04-12', '2024-04-19', '53', '30', '7', '1186.50', '2024-04-12', '2024-04-19', '5', '6', '249.98', 'pending', '1436.48', '2025-11-12 22:03:06', '2025-11-12 22:03:06' ),
( '252', '2024-04-15', '2024-04-18', '54', '40', '3', '334.50', '2024-04-15', '2024-04-18', '7', '8', '369.50', 'completed', '704.00', '2025-11-12 22:03:06', '2025-11-12 22:03:06' ),
( '253', '2024-04-19', '2024-04-26', '55', '50', '7', '1259.93', '2024-04-19', '2024-04-26', '9', '10', '788.00', 'confirmed', '2047.93', '2025-11-12 22:03:06', '2025-11-12 22:03:06' ),
( '254', '2024-04-22', '2024-04-25', '56', '60', '3', '689.97', '2024-04-22', '2024-04-25', '11', '12', '189.98', 'pending', '879.95', '2025-11-12 22:03:06', '2025-11-12 22:03:06' ),
( '255', '2024-04-26', '2024-05-03', '57', '70', '7', '1256.50', '2024-04-26', '2024-05-03', '13', '14', '649.00', 'completed', '1905.50', '2025-11-12 22:03:06', '2025-11-12 22:03:06' ),
( '256', '2024-04-29', '2024-05-02', '58', '80', '3', '599.97', '2024-04-29', '2024-05-02', '15', '16', '549.98', 'confirmed', '1149.95', '2025-11-12 22:03:06', '2025-11-12 22:03:06' ),
( '257', '2024-05-03', '2024-05-10', '59', '90', '7', '1119.93', '2024-05-03', '2024-05-10', '17', '18', '389.50', 'pending', '1509.43', '2025-11-12 22:03:06', '2025-11-12 22:03:06' ),
( '258', '2024-05-06', '2024-05-09', '60', '15', '3', '848.70', '2024-05-06', '2024-05-09', '19', '20', '708.00', 'completed', '1556.70', '2025-11-12 22:03:06', '2025-11-12 22:03:06' ),
( '259', '2024-05-10', '2024-05-17', '61', '25', '7', '1046.50', '2024-05-10', '2024-05-17', '21', '22', '489.98', 'confirmed', '1536.48', '2025-11-12 22:03:06', '2025-11-12 22:03:06' ),
( '260', '2024-05-13', '2024-05-16', '62', '35', '3', '509.97', '2024-05-13', '2024-05-16', '23', '24', '429.00', 'pending', '938.97', '2025-11-12 22:03:06', '2025-11-12 22:03:06' ),
( '261', '2024-05-17', '2024-05-24', '63', '45', '7', '1049.93', '2024-05-17', '2024-05-24', '25', '26', '568.00', 'completed', '1617.93', '2025-11-12 22:03:06', '2025-11-12 22:03:06' ),
( '262', '2024-05-20', '2024-05-23', '64', '55', '3', '987.75', '2024-05-20', '2024-05-23', '27', '28', '449.98', 'confirmed', '1437.73', '2025-11-12 22:03:06', '2025-11-12 22:03:06' ),
( '263', '2024-05-24', '2024-05-31', '65', '65', '7', '1186.50', '2024-05-24', '2024-05-31', '29', '30', '769.00', 'pending', '1955.50', '2025-11-12 22:03:06', '2025-11-12 22:03:06' ),
( '264', '2024-05-27', '2024-05-30', '66', '75', '3', '569.25', '2024-05-27', '2024-05-30', '31', '32', '169.98', 'completed', '739.23', '2025-11-12 22:03:06', '2025-11-12 22:03:06' ),
( '265', '2024-05-31', '2024-06-07', '67', '85', '7', '1399.93', '2024-05-31', '2024-06-07', '33', '34', '129.98', 'confirmed', '1529.91', '2025-11-12 22:03:06', '2025-11-12 22:03:06' ),
( '266', '2024-06-03', '2024-06-06', '68', '95', '3', '839.25', '2024-06-03', '2024-06-06', '35', '36', '589.00', 'pending', '1428.25', '2025-11-12 22:03:06', '2025-11-12 22:03:06' ),
( '267', '2024-06-07', '2024-06-14', '69', '8', '7', '3213.00', '2024-06-07', '2024-06-14', '37', '38', '369.98', 'completed', '3582.98', '2025-11-12 22:03:06', '2025-11-12 22:03:06' ),
( '268', '2024-06-10', '2024-06-13', '70', '18', '3', '569.25', '2024-06-10', '2024-06-13', '39', '40', '848.00', 'confirmed', '1417.25', '2025-11-12 22:03:06', '2025-11-12 22:03:06' ),
( '269', '2024-06-14', '2024-06-21', '71', '28', '7', '1394.75', '2024-06-14', '2024-06-21', '41', '42', '309.50', 'pending', '1704.25', '2025-11-12 22:03:06', '2025-11-12 22:03:06' ),
( '270', '2024-06-17', '2024-06-20', '72', '38', '3', '479.97', '2024-06-17', '2024-06-20', '43', '44', '469.00', 'completed', '948.97', '2025-11-12 22:03:06', '2025-11-12 22:03:06' ),
( '271', '2024-06-21', '2024-06-28', '73', '48', '7', '1329.93', '2024-06-21', '2024-06-28', '45', '46', '389.98', 'confirmed', '1719.91', '2025-11-12 22:03:06', '2025-11-12 22:03:06' ),
( '272', '2024-06-24', '2024-06-27', '74', '58', '3', '539.25', '2024-06-24', '2024-06-27', '47', '48', '249.50', 'pending', '788.75', '2025-11-12 22:03:06', '2025-11-12 22:03:06' ),
( '273', '2024-06-28', '2024-07-05', '75', '68', '7', '1399.93', '2024-06-28', '2024-07-05', '49', '50', '529.00', 'completed', '1928.93', '2025-11-12 22:03:06', '2025-11-12 22:03:06' ),
( '274', '2024-07-01', '2024-07-04', '76', '78', '3', '479.97', '2024-07-01', '2024-07-04', '51', '52', '329.98', 'confirmed', '809.95', '2025-11-12 22:03:06', '2025-11-12 22:03:06' ),
( '275', '2024-07-05', '2024-07-12', '77', '88', '7', '1259.93', '2024-07-05', '2024-07-12', '53', '54', '368.00', 'pending', '1627.93', '2025-11-12 22:03:06', '2025-11-12 22:03:06' ),
( '276', '2024-07-08', '2024-07-11', '78', '98', '3', '539.25', '2024-07-08', '2024-07-11', '55', '56', '149.98', 'completed', '689.23', '2025-11-12 22:03:06', '2025-11-12 22:03:06' ),
( '277', '2024-07-12', '2024-07-19', '79', '3', '7', '1328.25', '2024-07-12', '2024-07-19', '57', '58', '689.00', 'confirmed', '2017.25', '2025-11-12 22:03:06', '2025-11-12 22:03:06' ),
( '278', '2024-07-15', '2024-07-18', '80', '13', '3', '689.97', '2024-07-15', '2024-07-18', '59', '60', '389.98', 'pending', '1079.95', '2025-11-12 22:03:06', '2025-11-12 22:03:06' ),
( '279', '2024-07-19', '2024-07-26', '81', '23', '7', '1604.75', '2024-07-19', '2024-07-26', '61', '62', '169.50', 'completed', '1774.25', '2025-11-12 22:03:06', '2025-11-12 22:03:06' ),
( '280', '2024-07-22', '2024-07-25', '82', '33', '3', '509.97', '2024-07-22', '2024-07-25', '63', '64', '429.00', 'confirmed', '938.97', '2025-11-12 22:03:06', '2025-11-12 22:03:06' ),
( '281', '2024-07-26', '2024-08-02', '83', '43', '7', '1324.75', '2024-07-26', '2024-08-02', '65', '66', '129.98', 'pending', '1454.73', '2025-11-12 22:03:06', '2025-11-12 22:03:06' ),
( '282', '2024-07-29', '2024-08-01', '84', '53', '3', '376.50', '2024-07-29', '2024-08-01', '67', '68', '308.00', 'completed', '684.50', '2025-11-12 22:03:06', '2025-11-12 22:03:06' ),
( '283', '2024-08-02', '2024-08-09', '85', '63', '7', '1119.93', '2024-08-02', '2024-08-09', '69', '70', '189.98', 'confirmed', '1309.91', '2025-11-12 22:03:06', '2025-11-12 22:03:06' ),
( '284', '2024-08-05', '2024-08-08', '86', '73', '3', '539.25', '2024-08-05', '2024-08-08', '71', '72', '289.00', 'pending', '828.25', '2025-11-12 22:03:06', '2025-11-12 22:03:06' ),
( '285', '2024-08-09', '2024-08-16', '87', '83', '7', '1399.93', '2024-08-09', '2024-08-16', '73', '74', '349.98', 'completed', '1749.91', '2025-11-12 22:03:06', '2025-11-12 22:03:06' ),
( '286', '2024-08-12', '2024-08-15', '88', '93', '3', '479.97', '2024-08-12', '2024-08-15', '75', '76', '388.00', 'confirmed', '867.97', '2025-11-12 22:03:06', '2025-11-12 22:03:06' ),
( '287', '2024-08-16', '2024-08-23', '89', '2', '7', '1746.50', '2024-08-16', '2024-08-23', '77', '78', '209.98', 'pending', '1956.48', '2025-11-12 22:03:06', '2025-11-12 22:03:06' ),
( '288', '2024-08-19', '2024-08-22', '90', '12', '3', '418.50', '2024-08-19', '2024-08-22', '79', '80', '129.00', 'completed', '547.50', '2025-11-12 22:03:06', '2025-11-12 22:03:06' ),
( '289', '2024-08-23', '2024-08-30', '91', '22', '7', '1539.93', '2024-08-23', '2024-08-30', '81', '82', '139.98', 'confirmed', '1679.91', '2025-11-12 22:03:06', '2025-11-12 22:03:06' ),
( '290', '2024-08-26', '2024-08-29', '92', '32', '3', '479.97', '2024-08-26', '2024-08-29', '83', '84', '448.00', 'pending', '927.97', '2025-11-12 22:03:06', '2025-11-12 22:03:06' ),
( '291', '2024-08-30', '2024-09-06', '93', '42', '7', '1399.93', '2024-08-30', '2024-09-06', '85', '86', '229.50', 'completed', '1629.43', '2025-11-12 22:03:06', '2025-11-12 22:03:06' ),
( '292', '2024-09-02', '2024-09-05', '94', '52', '3', '539.25', '2024-09-02', '2024-09-05', '87', '88', '349.00', 'confirmed', '888.25', '2025-11-12 22:03:06', '2025-11-12 22:03:06' ),
( '293', '2024-09-06', '2024-09-13', '95', '62', '7', '1329.93', '2024-09-06', '2024-09-13', '89', '90', '169.98', 'pending', '1499.91', '2025-11-12 22:03:06', '2025-11-12 22:03:06' ),
( '294', '2024-09-09', '2024-09-12', '96', '72', '3', '449.97', '2024-09-09', '2024-09-12', '91', '92', '188.00', 'completed', '637.97', '2025-11-12 22:03:06', '2025-11-12 22:03:06' ),
( '295', '2024-09-13', '2024-09-20', '97', '82', '7', '1399.93', '2024-09-13', '2024-09-20', '93', '94', '209.98', 'confirmed', '1609.91', '2025-11-12 22:03:06', '2025-11-12 22:03:06' ),
( '296', '2024-09-16', '2024-09-19', '98', '92', '3', '419.97', '2024-09-16', '2024-09-19', '95', '96', '389.00', 'pending', '808.97', '2025-11-12 22:03:06', '2025-11-12 22:03:06' ),
( '297', '2024-09-20', '2024-09-27', '99', '7', '7', '1539.93', '2024-09-20', '2024-09-27', '97', '98', '269.98', 'completed', '1809.91', '2025-11-12 22:03:06', '2025-11-12 22:03:06' ),
( '298', '2024-10-01', '2024-10-08', '1', '27', '7', '1609.93', '2024-10-01', '2024-10-08', '1', '2', '589.98', 'cancelled', '2199.91', '2025-11-12 22:03:06', '2025-11-12 22:03:06' ),
( '299', '2024-10-03', '2024-10-06', '2', '37', '3', '507.75', '2024-10-03', '2024-10-06', '3', '4', '909.00', 'pending', '1416.75', '2025-11-12 22:03:06', '2025-11-12 22:03:06' ),
( '300', '2024-10-06', '2024-10-13', '3', '47', '7', '1394.75', '2024-10-06', '2024-10-13', '5', '6', '249.98', 'confirmed', '1644.73', '2025-11-12 22:03:06', '2025-11-12 22:03:06' ),
( '301', '2024-10-09', '2024-10-12', '4', '57', '3', '539.25', '2024-10-09', '2024-10-12', '7', '8', '369.50', 'cancelled', '908.75', '2025-11-12 22:03:06', '2025-11-12 22:03:06' ),
( '302', '2024-10-12', '2024-10-19', '5', '67', '7', '1329.93', '2024-10-12', '2024-10-19', '9', '10', '788.00', 'pending', '2117.93', '2025-11-12 22:03:06', '2025-11-12 22:03:06' ),
( '303', '2024-10-15', '2024-10-18', '6', '77', '3', '479.97', '2024-10-15', '2024-10-18', '11', '12', '189.98', 'confirmed', '669.95', '2025-11-12 22:03:06', '2025-11-12 22:03:06' ),
( '304', '2024-10-18', '2024-10-25', '7', '87', '7', '1399.93', '2024-10-18', '2024-10-25', '13', '14', '649.00', 'cancelled', '2048.93', '2025-11-12 22:03:06', '2025-11-12 22:03:06' ),
( '305', '2024-10-21', '2024-10-24', '8', '97', '3', '539.25', '2024-10-21', '2024-10-24', '15', '16', '549.98', 'pending', '1089.23', '2025-11-12 22:03:06', '2025-11-12 22:03:06' ),
( '306', '2024-10-24', '2024-10-31', '9', '6', '7', '2304.75', '2024-10-24', '2024-10-31', '17', '18', '389.50', 'confirmed', '2694.25', '2025-11-12 22:03:06', '2025-11-12 22:03:06' ),
( '307', '2024-10-27', '2024-10-30', '10', '16', '3', '838.50', '2024-10-27', '2024-10-30', '19', '20', '708.00', 'cancelled', '1546.50', '2025-11-12 22:03:06', '2025-11-12 22:03:06' ),
( '308', '2024-10-30', '2024-11-06', '11', '26', '7', '1468.25', '2024-10-30', '2024-11-06', '21', '22', '489.98', 'pending', '1958.23', '2025-11-12 22:03:06', '2025-11-12 22:03:06' ),
( '309', '2024-11-02', '2024-11-05', '12', '36', '3', '509.97', '2024-11-02', '2024-11-05', '23', '24', '429.00', 'confirmed', '938.97', '2025-11-12 22:03:06', '2025-11-12 22:03:06' ),
( '310', '2024-11-05', '2024-11-12', '13', '46', '7', '1259.93', '2024-11-05', '2024-11-12', '25', '26', '568.00', 'cancelled', '1827.93', '2025-11-12 22:03:06', '2025-11-12 22:03:06' ),
( '311', '2024-11-08', '2024-11-11', '14', '56', '3', '569.25', '2024-11-08', '2024-11-11', '27', '28', '449.98', 'pending', '1019.23', '2025-11-12 22:03:06', '2025-11-12 22:03:06' ),
( '312', '2024-11-11', '2024-11-18', '15', '66', '7', '1399.93', '2024-11-11', '2024-11-18', '29', '30', '769.00', 'confirmed', '2168.93', '2025-11-12 22:03:06', '2025-11-12 22:03:06' ),
( '313', '2024-11-14', '2024-11-17', '16', '76', '3', '418.50', '2024-11-14', '2024-11-17', '31', '32', '169.98', 'cancelled', '588.48', '2025-11-12 22:03:06', '2025-11-12 22:03:06' ),
( '314', '2024-11-17', '2024-11-24', '17', '86', '7', '1399.93', '2024-11-17', '2024-11-24', '33', '34', '129.98', 'pending', '1529.91', '2025-11-12 22:03:06', '2025-11-12 22:03:06' ),
( '315', '2024-11-20', '2024-11-23', '18', '96', '3', '539.25', '2024-11-20', '2024-11-23', '35', '36', '589.00', 'confirmed', '1128.25', '2025-11-12 22:03:06', '2025-11-12 22:03:06' ),
( '316', '2024-11-23', '2024-11-30', '19', '1', '7', '2099.93', '2024-11-23', '2024-11-30', '37', '38', '369.98', 'cancelled', '2469.91', '2025-11-12 22:03:06', '2025-11-12 22:03:06' ),
( '317', '2024-11-26', '2024-11-29', '20', '11', '3', '659.97', '2024-11-26', '2024-11-29', '39', '40', '848.00', 'pending', '1507.97', '2025-11-12 22:03:06', '2025-11-12 22:03:06' ),
( '318', '2024-11-29', '2024-12-06', '21', '21', '7', '1326.50', '2024-11-29', '2024-12-06', '41', '42', '309.50', 'confirmed', '1636.00', '2025-11-12 22:03:06', '2025-11-12 22:03:06' ),
( '319', '2024-12-02', '2024-12-05', '22', '31', '3', '479.97', '2024-12-02', '2024-12-05', '43', '44', '469.00', 'cancelled', '948.97', '2025-11-12 22:03:06', '2025-11-12 22:03:06' ),
( '320', '2024-12-05', '2024-12-12', '23', '41', '7', '1609.93', '2024-12-05', '2024-12-12', '45', '46', '389.98', 'pending', '1999.91', '2025-11-12 22:03:06', '2025-11-12 22:03:06' ),
( '321', '2024-12-08', '2024-12-11', '24', '51', '3', '376.50', '2024-12-08', '2024-12-11', '47', '48', '249.50', 'confirmed', '626.00', '2025-11-12 22:03:06', '2025-11-12 22:03:06' ),
( '322', '2024-12-11', '2024-12-18', '25', '61', '7', '1609.93', '2024-12-11', '2024-12-18', '49', '50', '529.00', 'cancelled', '2138.93', '2025-11-12 22:03:06', '2025-11-12 22:03:06' ),
( '323', '2024-12-14', '2024-12-17', '26', '71', '3', '539.25', '2024-12-14', '2024-12-17', '51', '52', '329.98', 'pending', '869.23', '2025-11-12 22:03:06', '2025-11-12 22:03:06' ),
( '324', '2024-12-17', '2024-12-24', '27', '81', '7', '1399.93', '2024-12-17', '2024-12-24', '53', '54', '368.00', 'confirmed', '1767.93', '2025-11-12 22:03:06', '2025-11-12 22:03:06' ),
( '325', '2024-12-20', '2024-12-23', '28', '91', '3', '569.25', '2024-12-20', '2024-12-23', '55', '56', '149.98', 'cancelled', '719.23', '2025-11-12 22:03:06', '2025-11-12 22:03:06' ),
( '326', '2024-12-23', '2024-12-30', '29', '4', '7', '1119.93', '2024-12-23', '2024-12-30', '57', '58', '689.00', 'pending', '1808.93', '2025-11-12 22:03:06', '2025-11-12 22:03:06' ),
( '327', '2024-12-26', '2024-12-29', '30', '14', '3', '629.25', '2024-12-26', '2024-12-29', '59', '60', '389.98', 'confirmed', '1019.23', '2025-11-12 22:03:06', '2025-11-12 22:03:06' ),
( '328', '2024-12-29', '2025-01-05', '31', '24', '7', '1259.93', '2024-12-29', '2025-01-05', '61', '62', '169.50', 'cancelled', '1429.43', '2025-11-12 22:03:06', '2025-11-12 22:03:06' ),
( '329', '2025-01-01', '2025-01-04', '32', '34', '3', '419.97', '2025-01-01', '2025-01-04', '63', '64', '429.00', 'pending', '848.97', '2025-11-12 22:03:06', '2025-11-12 22:03:06' ),
( '330', '2025-01-04', '2025-01-11', '33', '44', '7', '1399.93', '2025-01-04', '2025-01-11', '65', '66', '129.98', 'confirmed', '1529.91', '2025-11-12 22:03:06', '2025-11-12 22:03:06' ),
( '331', '2025-01-07', '2025-01-10', '34', '54', '3', '569.25', '2025-01-07', '2025-01-10', '67', '68', '308.00', 'cancelled', '877.25', '2025-11-12 22:03:06', '2025-11-12 22:03:06' ),
( '332', '2025-01-10', '2025-01-17', '35', '64', '7', '1399.93', '2025-01-10', '2025-01-17', '69', '70', '189.98', 'pending', '1589.91', '2025-11-12 22:03:06', '2025-11-12 22:03:06' ),
( '333', '2025-01-13', '2025-01-16', '36', '74', '3', '539.25', '2025-01-13', '2025-01-16', '71', '72', '289.00', 'confirmed', '828.25', '2025-11-12 22:03:06', '2025-11-12 22:03:06' ),
( '334', '2025-01-16', '2025-01-23', '37', '84', '7', '1399.93', '2025-01-16', '2025-01-23', '73', '74', '349.98', 'cancelled', '1749.91', '2025-11-12 22:03:06', '2025-11-12 22:03:06' ),
( '335', '2025-01-19', '2025-01-22', '38', '94', '3', '539.25', '2025-01-19', '2025-01-22', '75', '76', '388.00', 'pending', '927.25', '2025-11-12 22:03:06', '2025-11-12 22:03:06' ),
( '336', '2025-01-22', '2025-01-29', '39', '9', '7', '1256.50', '2025-01-22', '2025-01-29', '77', '78', '209.98', 'confirmed', '1466.48', '2025-11-12 22:03:06', '2025-11-12 22:03:06' ),
( '337', '2025-01-25', '2025-01-28', '40', '19', '3', '523.50', '2025-01-25', '2025-01-28', '79', '80', '129.00', 'cancelled', '652.50', '2025-11-12 22:03:06', '2025-11-12 22:03:06' ),
( '338', '2025-01-28', '2025-02-04', '41', '29', '7', '2379.93', '2025-01-28', '2025-02-04', '81', '82', '139.98', 'pending', '2519.91', '2025-11-12 22:03:06', '2025-11-12 22:03:06' ),
( '339', '2025-01-31', '2025-02-03', '42', '39', '3', '334.50', '2025-01-31', '2025-02-03', '83', '84', '448.00', 'confirmed', '782.50', '2025-11-12 22:03:06', '2025-11-12 22:03:06' ),
( '340', '2025-02-03', '2025-02-10', '43', '49', '7', '1609.93', '2025-02-03', '2025-02-10', '85', '86', '229.50', 'cancelled', '1839.43', '2025-11-12 22:03:06', '2025-11-12 22:03:06' ),
( '341', '2025-02-06', '2025-02-09', '44', '59', '3', '447.75', '2025-02-06', '2025-02-09', '87', '88', '349.00', 'pending', '796.75', '2025-11-12 22:03:06', '2025-11-12 22:03:06' ),
( '342', '2025-02-09', '2025-02-16', '45', '69', '7', '1186.50', '2025-02-09', '2025-02-16', '89', '90', '169.98', 'confirmed', '1356.48', '2025-11-12 22:03:06', '2025-11-12 22:03:06' ),
( '343', '2025-02-12', '2025-02-15', '46', '79', '3', '478.50', '2025-02-12', '2025-02-15', '91', '92', '188.00', 'cancelled', '666.50', '2025-11-12 22:03:06', '2025-11-12 22:03:06' ),
( '344', '2025-02-15', '2025-02-22', '47', '89', '7', '1329.93', '2025-02-15', '2025-02-22', '93', '94', '209.98', 'pending', '1539.91', '2025-11-12 22:03:06', '2025-11-12 22:03:06' ),
( '345', '2025-02-18', '2025-02-21', '48', '99', '3', '477.75', '2025-02-18', '2025-02-21', '95', '96', '389.00', 'confirmed', '866.75', '2025-11-12 22:03:06', '2025-11-12 22:03:06' ),
( '346', '2025-02-21', '2025-02-28', '49', '5', '7', '2793.00', '2025-02-21', '2025-02-28', '97', '98', '269.98', 'cancelled', '3062.98', '2025-11-12 22:03:06', '2025-11-12 22:03:06' ),
( '347', '2025-02-24', '2025-02-27', '50', '15', '3', '848.70', '2025-02-24', '2025-02-27', '99', '100', '248.00', 'pending', '1096.70', '2025-11-12 22:03:06', '2025-11-12 22:03:06' ),
( '348', '2024-04-01', '2024-04-11', '51', '20', '10', '1999.00', '2024-04-01', '2024-04-11', '1', '2', '589.98', 'completed', '2588.98', '2025-11-12 22:03:06', '2025-11-12 22:03:06' ),
( '349', '2024-04-05', '2024-04-15', '52', '30', '10', '1695.00', '2024-04-05', '2024-04-15', '3', '4', '909.00', 'confirmed', '2604.00', '2025-11-12 22:03:06', '2025-11-12 22:03:06' ),
( '350', '2024-04-10', '2024-04-20', '53', '40', '10', '1116.50', '2024-04-10', '2024-04-20', '5', '6', '249.98', 'pending', '1366.48', '2025-11-12 22:03:06', '2025-11-12 22:03:06' ),
( '351', '2024-04-15', '2024-04-25', '54', '50', '10', '1799.90', '2024-04-15', '2024-04-25', '7', '8', '369.50', 'completed', '2169.40', '2025-11-12 22:03:06', '2025-11-12 22:03:06' ),
( '352', '2024-04-20', '2024-04-30', '55', '60', '10', '2199.90', '2024-04-20', '2024-04-30', '9', '10', '788.00', 'confirmed', '2987.90', '2025-11-12 22:03:06', '2025-11-12 22:03:06' ),
( '353', '2024-04-25', '2024-05-05', '56', '70', '10', '1795.00', '2024-04-25', '2024-05-05', '11', '12', '189.98', 'pending', '1984.98', '2025-11-12 22:03:06', '2025-11-12 22:03:06' ),
( '354', '2024-04-30', '2024-05-10', '57', '80', '10', '1999.00', '2024-04-30', '2024-05-10', '13', '14', '649.00', 'completed', '2648.00', '2025-11-12 22:03:06', '2025-11-12 22:03:06' ),
( '355', '2024-05-05', '2024-05-15', '58', '90', '10', '1599.00', '2024-05-05', '2024-05-15', '15', '16', '549.98', 'confirmed', '2148.98', '2025-11-12 22:03:06', '2025-11-12 22:03:06' ),
( '356', '2024-05-10', '2024-05-20', '59', '15', '10', '2829.00', '2024-05-10', '2024-05-20', '17', '18', '389.50', 'pending', '3218.50', '2025-11-12 22:03:06', '2025-11-12 22:03:06' ),
( '357', '2024-05-15', '2024-05-25', '60', '25', '10', '1495.00', '2024-05-15', '2024-05-25', '19', '20', '708.00', 'completed', '2203.00', '2025-11-12 22:03:06', '2025-11-12 22:03:06' ),
( '358', '2024-05-20', '2024-05-30', '61', '35', '10', '1699.00', '2024-05-20', '2024-05-30', '21', '22', '489.98', 'confirmed', '2188.98', '2025-11-12 22:03:06', '2025-11-12 22:03:06' ),
( '359', '2024-05-25', '2024-06-04', '62', '45', '10', '1499.90', '2024-05-25', '2024-06-04', '23', '24', '429.00', 'pending', '1928.90', '2025-11-12 22:03:06', '2025-11-12 22:03:06' ),
( '360', '2024-05-30', '2024-06-09', '63', '55', '10', '1899.00', '2024-05-30', '2024-06-09', '25', '26', '568.00', 'completed', '2467.00', '2025-11-12 22:03:06', '2025-11-12 22:03:06' ),
( '361', '2024-06-04', '2024-06-14', '64', '65', '10', '1695.00', '2024-06-04', '2024-06-14', '27', '28', '449.98', 'confirmed', '2144.98', '2025-11-12 22:03:06', '2025-11-12 22:03:06' ),
( '362', '2024-06-09', '2024-06-19', '65', '75', '10', '1899.00', '2024-06-09', '2024-06-19', '29', '30', '769.00', 'pending', '2668.00', '2025-11-12 22:03:06', '2025-11-12 22:03:06' ),
( '363', '2024-06-14', '2024-06-24', '66', '85', '10', '1999.00', '2024-06-14', '2024-06-24', '31', '32', '169.98', 'completed', '2168.98', '2025-11-12 22:03:06', '2025-11-12 22:03:06' ),
( '364', '2024-06-19', '2024-06-29', '67', '95', '10', '1199.00', '2024-06-19', '2024-06-29', '33', '34', '129.98', 'confirmed', '1328.98', '2025-11-12 22:03:06', '2025-11-12 22:03:06' ),
( '365', '2024-06-24', '2024-07-04', '68', '8', '10', '4590.00', '2024-06-24', '2024-07-04', '35', '36', '589.00', 'pending', '5179.00', '2025-11-12 22:03:06', '2025-11-12 22:03:06' ),
( '366', '2024-06-29', '2024-07-09', '69', '18', '10', '1699.00', '2024-06-29', '2024-07-09', '37', '38', '369.98', 'completed', '2068.98', '2025-11-12 22:03:06', '2025-11-12 22:03:06' ),
( '367', '2024-07-04', '2024-07-14', '70', '28', '10', '1992.50', '2024-07-04', '2024-07-14', '39', '40', '848.00', 'confirmed', '2840.50', '2025-11-12 22:03:06', '2025-11-12 22:03:06' ),
( '368', '2024-07-09', '2024-07-19', '71', '38', '10', '1799.90', '2024-07-09', '2024-07-19', '41', '42', '309.50', 'pending', '2109.40', '2025-11-12 22:03:06', '2025-11-12 22:03:06' ),
( '369', '2024-07-14', '2024-07-24', '72', '48', '10', '1899.00', '2024-07-14', '2024-07-24', '43', '44', '469.00', 'completed', '2368.00', '2025-11-12 22:03:06', '2025-11-12 22:03:06' ),
( '370', '2024-07-19', '2024-07-29', '73', '58', '10', '1799.90', '2024-07-19', '2024-07-29', '45', '46', '389.98', 'confirmed', '2189.88', '2025-11-12 22:03:06', '2025-11-12 22:03:06' ),
( '371', '2024-07-24', '2024-08-03', '74', '68', '10', '1999.00', '2024-07-24', '2024-08-03', '47', '48', '249.50', 'pending', '2248.50', '2025-11-12 22:03:06', '2025-11-12 22:03:06' ),
( '372', '2024-07-29', '2024-08-08', '75', '78', '10', '1599.00', '2024-07-29', '2024-08-08', '49', '50', '529.00', 'completed', '2128.00', '2025-11-12 22:03:06', '2025-11-12 22:03:06' ),
( '373', '2024-08-03', '2024-08-13', '76', '88', '10', '1799.90', '2024-08-03', '2024-08-13', '51', '52', '329.98', 'confirmed', '2129.88', '2025-11-12 22:03:06', '2025-11-12 22:03:06' ),
( '374', '2024-08-08', '2024-08-18', '77', '98', '10', '1799.90', '2024-08-08', '2024-08-18', '53', '54', '368.00', 'pending', '2167.90', '2025-11-12 22:03:06', '2025-11-12 22:03:06' ),
( '375', '2024-08-13', '2024-08-23', '78', '3', '10', '1897.50', '2024-08-13', '2024-08-23', '55', '56', '149.98', 'completed', '2047.48', '2025-11-12 22:03:06', '2025-11-12 22:03:06' ),
( '376', '2024-08-18', '2024-08-28', '79', '13', '10', '2299.90', '2024-08-18', '2024-08-28', '57', '58', '689.00', 'confirmed', '2988.90', '2025-11-12 22:03:06', '2025-11-12 22:03:06' ),
( '377', '2024-08-23', '2024-09-02', '80', '23', '10', '2292.50', '2024-08-23', '2024-09-02', '59', '60', '389.98', 'pending', '2682.48', '2025-11-12 22:03:06', '2025-11-12 22:03:06' ),
( '378', '2024-08-28', '2024-09-07', '81', '33', '10', '1699.00', '2024-08-28', '2024-09-07', '61', '62', '169.50', 'completed', '1868.50', '2025-11-12 22:03:06', '2025-11-12 22:03:06' ),
( '379', '2024-09-02', '2024-09-12', '82', '43', '10', '1892.50', '2024-09-02', '2024-09-12', '63', '64', '429.00', 'confirmed', '2321.50', '2025-11-12 22:03:06', '2025-11-12 22:03:06' ),
( '380', '2024-09-07', '2024-09-17', '83', '53', '10', '1255.00', '2024-09-07', '2024-09-17', '65', '66', '129.98', 'pending', '1384.98', '2025-11-12 22:03:06', '2025-11-12 22:03:06' ),
( '381', '2024-09-12', '2024-09-22', '84', '63', '10', '1599.00', '2024-09-12', '2024-09-22', '67', '68', '308.00', 'completed', '1907.00', '2025-11-12 22:03:06', '2025-11-12 22:03:06' ),
( '382', '2024-09-17', '2024-09-27', '85', '73', '10', '1799.90', '2024-09-17', '2024-09-27', '69', '70', '189.98', 'confirmed', '1989.88', '2025-11-12 22:03:06', '2025-11-12 22:03:06' ),
( '383', '2024-09-22', '2024-10-02', '86', '83', '10', '1999.00', '2024-09-22', '2024-10-02', '71', '72', '289.00', 'pending', '2288.00', '2025-11-12 22:03:06', '2025-11-12 22:03:06' ),
( '384', '2024-09-27', '2024-10-07', '87', '93', '10', '1599.00', '2024-09-27', '2024-10-07', '73', '74', '349.98', 'completed', '1948.98', '2025-11-12 22:03:06', '2025-11-12 22:03:06' ),
( '385', '2024-10-02', '2024-10-12', '88', '2', '10', '2495.00', '2024-10-02', '2024-10-12', '75', '76', '388.00', 'confirmed', '2883.00', '2025-11-12 22:03:06', '2025-11-12 22:03:06' ),
( '386', '2024-10-07', '2024-10-17', '89', '12', '10', '1395.00', '2024-10-07', '2024-10-17', '77', '78', '209.98', 'pending', '1604.98', '2025-11-12 22:03:06', '2025-11-12 22:03:06' ),
( '387', '2024-10-12', '2024-10-22', '90', '22', '10', '2199.90', '2024-10-12', '2024-10-22', '79', '80', '129.00', 'completed', '2328.90', '2025-11-12 22:03:06', '2025-11-12 22:03:06' ),
( '388', '2024-10-17', '2024-10-27', '91', '32', '10', '1599.00', '2024-10-17', '2024-10-27', '81', '82', '139.98', 'confirmed', '1738.98', '2025-11-12 22:03:06', '2025-11-12 22:03:06' ),
( '389', '2024-10-22', '2024-11-01', '92', '42', '10', '1999.00', '2024-10-22', '2024-11-01', '83', '84', '448.00', 'pending', '2447.00', '2025-11-12 22:03:06', '2025-11-12 22:03:06' ),
( '390', '2024-10-27', '2024-11-06', '93', '52', '10', '1799.90', '2024-10-27', '2024-11-06', '85', '86', '229.50', 'completed', '2029.40', '2025-11-12 22:03:06', '2025-11-12 22:03:06' ),
( '391', '2024-11-01', '2024-11-11', '94', '62', '10', '1899.00', '2024-11-01', '2024-11-11', '87', '88', '349.00', 'confirmed', '2248.00', '2025-11-12 22:03:06', '2025-11-12 22:03:06' ),
( '392', '2024-11-06', '2024-11-16', '95', '72', '10', '1499.90', '2024-11-06', '2024-11-16', '89', '90', '169.98', 'pending', '1669.88', '2025-11-12 22:03:06', '2025-11-12 22:03:06' ),
( '393', '2024-11-11', '2024-11-21', '96', '82', '10', '1999.00', '2024-11-11', '2024-11-21', '91', '92', '188.00', 'completed', '2187.00', '2025-11-12 22:03:06', '2025-11-12 22:03:06' ),
( '394', '2024-11-16', '2024-11-26', '97', '92', '10', '1399.90', '2024-11-16', '2024-11-26', '93', '94', '209.98', 'confirmed', '1609.88', '2025-11-12 22:03:06', '2025-11-12 22:03:06' ),
( '395', '2024-11-21', '2024-12-01', '98', '7', '10', '2199.90', '2024-11-21', '2024-12-01', '95', '96', '389.00', 'pending', '2588.90', '2025-11-12 22:03:06', '2025-11-12 22:03:06' ),
( '396', '2024-11-26', '2024-12-06', '99', '17', '10', '1679.90', '2024-11-26', '2024-12-06', '97', '98', '269.98', 'completed', '1949.88', '2025-11-12 22:03:06', '2025-11-12 22:03:06' ),
( '397', '2024-04-05', '2024-04-07', '1', '35', '2', '339.98', '2024-04-05', '2024-04-07', '1', '2', '589.98', 'completed', '929.96', '2025-11-12 22:03:06', '2025-11-12 22:03:06' ),
( '398', '2024-04-12', '2024-04-14', '2', '45', '2', '299.98', '2024-04-12', '2024-04-14', '3', '4', '909.00', 'confirmed', '1208.98', '2025-11-12 22:03:06', '2025-11-12 22:03:06' ),
( '399', '2024-04-19', '2024-04-21', '3', '55', '2', '379.98', '2024-04-19', '2024-04-21', '5', '6', '249.98', 'pending', '629.96', '2025-11-12 22:03:06', '2025-11-12 22:03:06' ),
( '400', '2024-04-26', '2024-04-28', '4', '65', '2', '339.98', '2024-04-26', '2024-04-28', '7', '8', '369.50', 'completed', '709.48', '2025-11-12 22:03:06', '2025-11-12 22:03:06' ),
( '401', '2024-05-03', '2024-05-05', '5', '75', '2', '379.98', '2024-05-03', '2024-05-05', '9', '10', '788.00', 'confirmed', '1167.98', '2025-11-12 22:03:06', '2025-11-12 22:03:06' ),
( '402', '2024-05-10', '2024-05-12', '6', '85', '2', '399.98', '2024-05-10', '2024-05-12', '11', '12', '189.98', 'pending', '589.96', '2025-11-12 22:03:06', '2025-11-12 22:03:06' ),
( '403', '2024-05-17', '2024-05-19', '7', '95', '2', '239.98', '2024-05-17', '2024-05-19', '13', '14', '649.00', 'completed', '888.98', '2025-11-12 22:03:06', '2025-11-12 22:03:06' ),
( '404', '2024-05-24', '2024-05-26', '8', '8', '2', '918.00', '2024-05-24', '2024-05-26', '15', '16', '549.98', 'confirmed', '1467.98', '2025-11-12 22:03:06', '2025-11-12 22:03:06' ),
( '405', '2024-05-31', '2024-06-02', '9', '18', '2', '339.98', '2024-05-31', '2024-06-02', '17', '18', '389.50', 'pending', '729.48', '2025-11-12 22:03:06', '2025-11-12 22:03:06' ),
( '406', '2024-06-07', '2024-06-09', '10', '28', '2', '398.50', '2024-06-07', '2024-06-09', '19', '20', '708.00', 'completed', '1106.50', '2025-11-12 22:03:06', '2025-11-12 22:03:06' ),
( '407', '2024-06-14', '2024-06-16', '11', '38', '2', '359.98', '2024-06-14', '2024-06-16', '21', '22', '489.98', 'confirmed', '849.96', '2025-11-12 22:03:06', '2025-11-12 22:03:06' ),
( '408', '2024-06-21', '2024-06-23', '12', '48', '2', '379.98', '2024-06-21', '2024-06-23', '23', '24', '429.00', 'pending', '808.98', '2025-11-12 22:03:06', '2025-11-12 22:03:06' ),
( '409', '2024-06-28', '2024-06-30', '13', '58', '2', '359.98', '2024-06-28', '2024-06-30', '25', '26', '568.00', 'completed', '927.98', '2025-11-12 22:03:06', '2025-11-12 22:03:06' ),
( '410', '2024-07-05', '2024-07-07', '14', '68', '2', '399.98', '2024-07-05', '2024-07-07', '27', '28', '449.98', 'confirmed', '849.96', '2025-11-12 22:03:06', '2025-11-12 22:03:06' ),
( '411', '2024-07-12', '2024-07-14', '15', '78', '2', '319.98', '2024-07-12', '2024-07-14', '29', '30', '769.00', 'pending', '1088.98', '2025-11-12 22:03:06', '2025-11-12 22:03:06' ),
( '412', '2024-07-19', '2024-07-21', '16', '88', '2', '359.98', '2024-07-19', '2024-07-21', '31', '32', '169.98', 'completed', '529.96', '2025-11-12 22:03:06', '2025-11-12 22:03:06' ),
( '413', '2024-07-26', '2024-07-28', '17', '98', '2', '359.98', '2024-07-26', '2024-07-28', '33', '34', '129.98', 'confirmed', '489.96', '2025-11-12 22:03:06', '2025-11-12 22:03:06' ),
( '414', '2024-08-02', '2024-08-04', '18', '3', '2', '379.50', '2024-08-02', '2024-08-04', '35', '36', '589.00', 'pending', '968.50', '2025-11-12 22:03:06', '2025-11-12 22:03:06' ),
( '415', '2024-08-09', '2024-08-11', '19', '13', '2', '459.98', '2024-08-09', '2024-08-11', '37', '38', '369.98', 'completed', '829.96', '2025-11-12 22:03:06', '2025-11-12 22:03:06' ),
( '416', '2024-08-16', '2024-08-18', '20', '23', '2', '458.50', '2024-08-16', '2024-08-18', '39', '40', '848.00', 'confirmed', '1306.50', '2025-11-12 22:03:06', '2025-11-12 22:03:06' ),
( '417', '2024-08-23', '2024-08-25', '21', '33', '2', '339.98', '2024-08-23', '2024-08-25', '41', '42', '309.50', 'pending', '649.48', '2025-11-12 22:03:06', '2025-11-12 22:03:06' ),
( '418', '2024-08-30', '2024-09-01', '22', '43', '2', '378.50', '2024-08-30', '2024-09-01', '43', '44', '469.00', 'completed', '847.50', '2025-11-12 22:03:06', '2025-11-12 22:03:06' ),
( '419', '2024-09-06', '2024-09-08', '23', '53', '2', '251.00', '2024-09-06', '2024-09-08', '45', '46', '389.98', 'confirmed', '640.98', '2025-11-12 22:03:06', '2025-11-12 22:03:06' ),
( '420', '2024-09-13', '2024-09-15', '24', '63', '2', '319.98', '2024-09-13', '2024-09-15', '47', '48', '249.50', 'pending', '569.48', '2025-11-12 22:03:06', '2025-11-12 22:03:06' ),
( '421', '2024-09-20', '2024-09-22', '25', '73', '2', '359.98', '2024-09-20', '2024-09-22', '49', '50', '529.00', 'completed', '888.98', '2025-11-12 22:03:06', '2025-11-12 22:03:06' ),
( '422', '2024-09-27', '2024-09-29', '26', '83', '2', '399.98', '2024-09-27', '2024-09-29', '51', '52', '329.98', 'confirmed', '729.96', '2025-11-12 22:03:06', '2025-11-12 22:03:06' ),
( '423', '2024-10-04', '2024-10-06', '27', '93', '2', '319.98', '2024-10-04', '2024-10-06', '53', '54', '368.00', 'pending', '687.98', '2025-11-12 22:03:06', '2025-11-12 22:03:06' ),
( '424', '2024-10-11', '2024-10-13', '28', '2', '2', '499.00', '2024-10-11', '2024-10-13', '55', '56', '149.98', 'completed', '648.98', '2025-11-12 22:03:06', '2025-11-12 22:03:06' ),
( '425', '2024-10-18', '2024-10-20', '29', '12', '2', '279.00', '2024-10-18', '2024-10-20', '57', '58', '689.00', 'confirmed', '968.00', '2025-11-12 22:03:06', '2025-11-12 22:03:06' ),
( '426', '2024-10-25', '2024-10-27', '30', '22', '2', '439.98', '2024-10-25', '2024-10-27', '59', '60', '389.98', 'pending', '829.96', '2025-11-12 22:03:06', '2025-11-12 22:03:06' ),
( '427', '2024-11-01', '2024-11-03', '31', '32', '2', '319.98', '2024-11-01', '2024-11-03', '61', '62', '169.50', 'completed', '489.48', '2025-11-12 22:03:06', '2025-11-12 22:03:06' ),
( '428', '2024-11-08', '2024-11-10', '32', '42', '2', '399.98', '2024-11-08', '2024-11-10', '63', '64', '429.00', 'confirmed', '828.98', '2025-11-12 22:03:06', '2025-11-12 22:03:06' ),
( '429', '2024-11-15', '2024-11-17', '33', '52', '2', '359.98', '2024-11-15', '2024-11-17', '65', '66', '129.98', 'pending', '489.96', '2025-11-12 22:03:06', '2025-11-12 22:03:06' ),
( '430', '2024-11-22', '2024-11-24', '34', '62', '2', '379.98', '2024-11-22', '2024-11-24', '67', '68', '308.00', 'completed', '687.98', '2025-11-12 22:03:06', '2025-11-12 22:03:06' ),
( '431', '2024-11-29', '2024-12-01', '35', '72', '2', '299.98', '2024-11-29', '2024-12-01', '69', '70', '189.98', 'confirmed', '489.96', '2025-11-12 22:03:06', '2025-11-12 22:03:06' ),
( '432', '2024-12-06', '2024-12-08', '36', '82', '2', '399.98', '2024-12-06', '2024-12-08', '71', '72', '289.00', 'pending', '688.98', '2025-11-12 22:03:06', '2025-11-12 22:03:06' ),
( '433', '2024-12-13', '2024-12-15', '37', '92', '2', '279.98', '2024-12-13', '2024-12-15', '73', '74', '349.98', 'completed', '629.96', '2025-11-12 22:03:06', '2025-11-12 22:03:06' ),
( '434', '2024-12-20', '2024-12-22', '38', '7', '2', '439.98', '2024-12-20', '2024-12-22', '75', '76', '388.00', 'confirmed', '827.98', '2025-11-12 22:03:06', '2025-11-12 22:03:06' ),
( '435', '2024-12-27', '2024-12-29', '39', '17', '2', '335.98', '2024-12-27', '2024-12-29', '77', '78', '209.98', 'pending', '545.96', '2025-11-12 22:03:06', '2025-11-12 22:03:06' ),
( '436', '2024-01-03', '2024-01-05', '40', '27', '2', '459.98', '2024-01-03', '2024-01-05', '79', '80', '129.00', 'completed', '588.98', '2025-11-12 22:03:06', '2025-11-12 22:03:06' ),
( '437', '2024-01-10', '2024-01-12', '41', '37', '2', '338.50', '2024-01-10', '2024-01-12', '81', '82', '139.98', 'confirmed', '478.48', '2025-11-12 22:03:06', '2025-11-12 22:03:06' ),
( '438', '2024-01-17', '2024-01-19', '42', '47', '2', '279.00', '2024-01-17', '2024-01-19', '83', '84', '448.00', 'pending', '727.00', '2025-11-12 22:03:06', '2025-11-12 22:03:06' ),
( '439', '2024-01-24', '2024-01-26', '43', '57', '2', '359.98', '2024-01-24', '2024-01-26', '85', '86', '229.50', 'completed', '589.48', '2025-11-12 22:03:06', '2025-11-12 22:03:06' ),
( '440', '2024-01-31', '2024-02-02', '44', '67', '2', '379.98', '2024-01-31', '2024-02-02', '87', '88', '349.00', 'confirmed', '728.98', '2025-11-12 22:03:06', '2025-11-12 22:03:06' ),
( '441', '2024-02-07', '2024-02-09', '45', '77', '2', '319.98', '2024-02-07', '2024-02-09', '89', '90', '169.98', 'pending', '489.96', '2025-11-12 22:03:06', '2025-11-12 22:03:06' ),
( '442', '2024-02-14', '2024-02-16', '46', '87', '2', '399.98', '2024-02-14', '2024-02-16', '91', '92', '188.00', 'completed', '587.98', '2025-11-12 22:03:06', '2025-11-12 22:03:06' ),
( '443', '2024-02-21', '2024-02-23', '47', '97', '2', '359.98', '2024-02-21', '2024-02-23', '93', '94', '209.98', 'confirmed', '569.96', '2025-11-12 22:03:06', '2025-11-12 22:03:06' ),
( '444', '2024-02-28', '2024-03-01', '48', '6', '2', '659.98', '2024-02-28', '2024-03-01', '95', '96', '389.00', 'pending', '1048.98', '2025-11-12 22:03:06', '2025-11-12 22:03:06' ),
( '445', '2024-03-06', '2024-03-08', '49', '16', '2', '399.98', '2024-03-06', '2024-03-08', '97', '98', '269.98', 'completed', '669.96', '2025-11-12 22:03:06', '2025-11-12 22:03:06' ),
( '446', '2024-03-13', '2024-03-15', '50', '26', '2', '419.50', '2024-03-13', '2024-03-15', '99', '100', '248.00', 'confirmed', '667.50', '2025-11-12 22:03:06', '2025-11-12 22:03:06' ),
( '447', '2024-04-10', '2024-04-12', '51', '45', '2', '299.98', '2024-04-10', '2024-04-12', '3', '4', '909.00', 'completed', '1208.98', '2025-11-12 22:03:06', '2025-11-12 22:03:06' ),
( '448', '2024-04-17', '2024-04-19', '52', '55', '2', '379.98', '2024-04-17', '2024-04-19', '9', '10', '788.00', 'confirmed', '1167.98', '2025-11-12 22:03:06', '2025-11-12 22:03:06' ),
( '449', '2024-04-24', '2024-04-26', '53', '65', '2', '339.98', '2024-04-24', '2024-04-26', '13', '14', '649.00', 'pending', '988.98', '2025-11-12 22:03:06', '2025-11-12 22:03:06' ),
( '450', '2024-05-01', '2024-05-03', '54', '75', '2', '379.98', '2024-05-01', '2024-05-03', '19', '20', '708.00', 'completed', '1087.98', '2025-11-12 22:03:06', '2025-11-12 22:03:06' ),
( '451', '2024-05-08', '2024-05-10', '55', '85', '2', '399.98', '2024-05-08', '2024-05-10', '25', '26', '568.00', 'confirmed', '967.98', '2025-11-12 22:03:06', '2025-11-12 22:03:06' ),
( '452', '2024-05-15', '2024-05-17', '56', '95', '2', '239.98', '2024-05-15', '2024-05-17', '29', '30', '769.00', 'pending', '1008.98', '2025-11-12 22:03:06', '2025-11-12 22:03:06' ),
( '453', '2024-05-22', '2024-05-24', '57', '8', '2', '918.00', '2024-05-22', '2024-05-24', '35', '36', '589.00', 'completed', '1507.00', '2025-11-12 22:03:06', '2025-11-12 22:03:06' ),
( '454', '2024-05-29', '2024-05-31', '58', '18', '2', '339.98', '2024-05-29', '2024-05-31', '39', '40', '848.00', 'confirmed', '1187.98', '2025-11-12 22:03:06', '2025-11-12 22:03:06' ),
( '455', '2024-06-05', '2024-06-07', '59', '28', '2', '398.50', '2024-06-05', '2024-06-07', '45', '46', '389.98', 'pending', '788.48', '2025-11-12 22:03:06', '2025-11-12 22:03:06' ),
( '456', '2024-06-12', '2024-06-14', '60', '38', '2', '359.98', '2024-06-12', '2024-06-14', '49', '50', '529.00', 'completed', '888.98', '2025-11-12 22:03:06', '2025-11-12 22:03:06' ),
( '457', '2024-06-19', '2024-06-21', '61', '48', '2', '379.98', '2024-06-19', '2024-06-21', '53', '54', '368.00', 'confirmed', '747.98', '2025-11-12 22:03:06', '2025-11-12 22:03:06' ),
( '458', '2024-06-26', '2024-06-28', '62', '58', '2', '359.98', '2024-06-26', '2024-06-28', '57', '58', '689.00', 'pending', '1048.98', '2025-11-12 22:03:06', '2025-11-12 22:03:06' ),
( '459', '2024-07-03', '2024-07-05', '63', '68', '2', '399.98', '2024-07-03', '2024-07-05', '61', '62', '169.50', 'completed', '569.48', '2025-11-12 22:03:06', '2025-11-12 22:03:06' ),
( '460', '2024-07-10', '2024-07-12', '64', '78', '2', '319.98', '2024-07-10', '2024-07-12', '65', '66', '129.98', 'confirmed', '449.96', '2025-11-12 22:03:06', '2025-11-12 22:03:06' ),
( '461', '2024-07-17', '2024-07-19', '65', '88', '2', '359.98', '2024-07-17', '2024-07-19', '67', '68', '308.00', 'pending', '667.98', '2025-11-12 22:03:06', '2025-11-12 22:03:06' ),
( '462', '2024-07-24', '2024-07-26', '66', '98', '2', '359.98', '2024-07-24', '2024-07-26', '69', '70', '189.98', 'completed', '549.96', '2025-11-12 22:03:06', '2025-11-12 22:03:06' ),
( '463', '2024-07-31', '2024-08-02', '67', '3', '2', '379.50', '2024-07-31', '2024-08-02', '71', '72', '289.00', 'confirmed', '668.50', '2025-11-12 22:03:06', '2025-11-12 22:03:06' ),
( '464', '2024-08-07', '2024-08-09', '68', '13', '2', '459.98', '2024-08-07', '2024-08-09', '73', '74', '349.98', 'pending', '809.96', '2025-11-12 22:03:06', '2025-11-12 22:03:06' ),
( '465', '2024-08-14', '2024-08-16', '69', '23', '2', '458.50', '2024-08-14', '2024-08-16', '75', '76', '388.00', 'completed', '846.50', '2025-11-12 22:03:06', '2025-11-12 22:03:06' ),
( '466', '2024-08-21', '2024-08-23', '70', '33', '2', '339.98', '2024-08-21', '2024-08-23', '77', '78', '209.98', 'confirmed', '549.96', '2025-11-12 22:03:06', '2025-11-12 22:03:06' ),
( '467', '2024-08-28', '2024-08-30', '71', '43', '2', '378.50', '2024-08-28', '2024-08-30', '79', '80', '129.00', 'pending', '507.50', '2025-11-12 22:03:06', '2025-11-12 22:03:06' ),
( '468', '2024-09-04', '2024-09-06', '72', '53', '2', '251.00', '2024-09-04', '2024-09-06', '81', '82', '139.98', 'completed', '390.98', '2025-11-12 22:03:06', '2025-11-12 22:03:06' ),
( '469', '2024-09-11', '2024-09-13', '73', '63', '2', '319.98', '2024-09-11', '2024-09-13', '83', '84', '448.00', 'confirmed', '767.98', '2025-11-12 22:03:06', '2025-11-12 22:03:06' ),
( '470', '2024-09-18', '2024-09-20', '74', '73', '2', '359.98', '2024-09-18', '2024-09-20', '85', '86', '229.50', 'pending', '589.48', '2025-11-12 22:03:06', '2025-11-12 22:03:06' ),
( '471', '2024-09-25', '2024-09-27', '75', '83', '2', '399.98', '2024-09-25', '2024-09-27', '87', '88', '349.00', 'completed', '748.98', '2025-11-12 22:03:06', '2025-11-12 22:03:06' ),
( '472', '2024-10-02', '2024-10-04', '76', '93', '2', '319.98', '2024-10-02', '2024-10-04', '89', '90', '169.98', 'confirmed', '489.96', '2025-11-12 22:03:06', '2025-11-12 22:03:06' ),
( '473', '2024-10-09', '2024-10-11', '77', '2', '2', '499.00', '2024-10-09', '2024-10-11', '91', '92', '188.00', 'pending', '687.00', '2025-11-12 22:03:06', '2025-11-12 22:03:06' ),
( '474', '2024-10-16', '2024-10-18', '78', '12', '2', '279.00', '2024-10-16', '2024-10-18', '93', '94', '209.98', 'completed', '488.98', '2025-11-12 22:03:06', '2025-11-12 22:03:06' ),
( '475', '2024-10-23', '2024-10-25', '79', '22', '2', '439.98', '2024-10-23', '2024-10-25', '95', '96', '389.00', 'confirmed', '828.98', '2025-11-12 22:03:06', '2025-11-12 22:03:06' ),
( '476', '2024-10-30', '2024-11-01', '80', '32', '2', '319.98', '2024-10-30', '2024-11-01', '97', '98', '269.98', 'pending', '589.96', '2025-11-12 22:03:06', '2025-11-12 22:03:06' ),
( '477', '2024-11-06', '2024-11-08', '81', '42', '2', '399.98', '2024-11-06', '2024-11-08', '99', '100', '248.00', 'completed', '647.98', '2025-11-12 22:03:06', '2025-11-12 22:03:06' ),
( '478', '2024-11-13', '2024-11-15', '82', '52', '2', '359.98', '2024-11-13', '2024-11-15', '1', '2', '589.98', 'confirmed', '949.96', '2025-11-12 22:03:06', '2025-11-12 22:03:06' ),
( '479', '2024-11-20', '2024-11-22', '83', '62', '2', '379.98', '2024-11-20', '2024-11-22', '3', '4', '909.00', 'pending', '1288.98', '2025-11-12 22:03:06', '2025-11-12 22:03:06' ),
( '480', '2024-11-27', '2024-11-29', '84', '72', '2', '299.98', '2024-11-27', '2024-11-29', '5', '6', '249.98', 'completed', '549.96', '2025-11-12 22:03:06', '2025-11-12 22:03:06' ),
( '481', '2024-12-04', '2024-12-06', '85', '82', '2', '399.98', '2024-12-04', '2024-12-06', '7', '8', '369.50', 'confirmed', '769.48', '2025-11-12 22:03:06', '2025-11-12 22:03:06' ),
( '482', '2024-12-11', '2024-12-13', '86', '92', '2', '279.98', '2024-12-11', '2024-12-13', '9', '10', '788.00', 'pending', '1067.98', '2025-11-12 22:03:06', '2025-11-12 22:03:06' ),
( '483', '2024-12-18', '2024-12-20', '87', '7', '2', '439.98', '2024-12-18', '2024-12-20', '11', '12', '189.98', 'completed', '629.96', '2025-11-12 22:03:06', '2025-11-12 22:03:06' ),
( '484', '2024-12-25', '2024-12-27', '88', '17', '2', '335.98', '2024-12-25', '2024-12-27', '13', '14', '649.00', 'confirmed', '984.98', '2025-11-12 22:03:06', '2025-11-12 22:03:06' ),
( '485', '2025-01-01', '2025-01-03', '89', '27', '2', '459.98', '2025-01-01', '2025-01-03', '15', '16', '549.98', 'pending', '1009.96', '2025-11-12 22:03:06', '2025-11-12 22:03:06' ),
( '486', '2025-01-08', '2025-01-10', '90', '37', '2', '338.50', '2025-01-08', '2025-01-10', '17', '18', '389.50', 'completed', '728.00', '2025-11-12 22:03:06', '2025-11-12 22:03:06' ),
( '487', '2025-01-15', '2025-01-17', '91', '47', '2', '279.00', '2025-01-15', '2025-01-17', '19', '20', '708.00', 'confirmed', '987.00', '2025-11-12 22:03:06', '2025-11-12 22:03:06' ),
( '488', '2025-01-22', '2025-01-24', '92', '57', '2', '359.98', '2025-01-22', '2025-01-24', '21', '22', '489.98', 'pending', '849.96', '2025-11-12 22:03:06', '2025-11-12 22:03:06' ),
( '489', '2025-01-29', '2025-01-31', '93', '67', '2', '379.98', '2025-01-29', '2025-01-31', '23', '24', '429.00', 'completed', '808.98', '2025-11-12 22:03:06', '2025-11-12 22:03:06' ),
( '490', '2025-02-05', '2025-02-07', '94', '77', '2', '319.98', '2025-02-05', '2025-02-07', '25', '26', '568.00', 'confirmed', '887.98', '2025-11-12 22:03:06', '2025-11-12 22:03:06' ),
( '491', '2025-02-12', '2025-02-14', '95', '87', '2', '399.98', '2025-02-12', '2025-02-14', '27', '28', '449.98', 'pending', '849.96', '2025-11-12 22:03:06', '2025-11-12 22:03:06' ),
( '492', '2025-02-19', '2025-02-21', '96', '97', '2', '359.98', '2025-02-19', '2025-02-21', '29', '30', '769.00', 'completed', '1128.98', '2025-11-12 22:03:06', '2025-11-12 22:03:06' ),
( '493', '2025-02-26', '2025-02-28', '97', '6', '2', '659.98', '2025-02-26', '2025-02-28', '31', '32', '169.98', 'confirmed', '829.96', '2025-11-12 22:03:06', '2025-11-12 22:03:06' ),
( '494', '2025-03-05', '2025-03-07', '98', '16', '2', '399.98', '2025-03-05', '2025-03-07', '33', '34', '129.98', 'pending', '529.96', '2025-11-12 22:03:06', '2025-11-12 22:03:06' ),
( '495', '2025-03-12', '2025-03-14', '99', '26', '2', '419.50', '2025-03-12', '2025-03-14', '35', '36', '589.00', 'completed', '1008.50', '2025-11-12 22:03:06', '2025-11-12 22:03:06' ),
( '496', '2024-04-15', '2024-04-18', '1', '55', '3', '987.75', '2024-04-15', '2024-04-18', '39', '40', '848.00', 'completed', '1835.75', '2025-11-12 22:03:06', '2025-11-12 22:03:06' ),
( '497', '2024-04-20', '2024-04-27', '2', '65', '7', '1186.50', '2024-04-20', '2024-04-27', '41', '42', '309.50', 'confirmed', '1496.00', '2025-11-12 22:03:06', '2025-11-12 22:03:06' ),
( '498', '2024-04-25', '2024-05-02', '3', '75', '7', '1329.93', '2024-04-25', '2024-05-02', '43', '44', '469.00', 'pending', '1798.93', '2025-11-12 22:03:06', '2025-11-12 22:03:06' ),
( '499', '2024-04-30', '2024-05-07', '4', '85', '7', '1399.93', '2024-04-30', '2024-05-07', '45', '46', '389.98', 'completed', '1789.91', '2025-11-12 22:03:06', '2025-11-12 22:03:06' ),
( '500', '2024-05-05', '2024-05-12', '5', '95', '7', '1119.93', '2024-05-05', '2024-05-12', '47', '48', '249.50', 'confirmed', '1369.43', '2025-11-12 22:03:06', '2025-11-12 22:03:06' ),
( '501', '2024-05-10', '2024-05-13', '6', '8', '3', '1377.00', '2024-05-10', '2024-05-13', '49', '50', '529.00', 'pending', '1906.00', '2025-11-12 22:03:06', '2025-11-12 22:03:06' ),
( '502', '2024-05-15', '2024-05-22', '7', '18', '7', '1189.93', '2024-05-15', '2024-05-22', '51', '52', '329.98', 'completed', '1519.91', '2025-11-12 22:03:06', '2025-11-12 22:03:06' ),
( '503', '2024-05-20', '2024-05-27', '8', '28', '7', '1394.75', '2024-05-20', '2024-05-27', '53', '54', '368.00', 'confirmed', '1762.75', '2025-11-12 22:03:06', '2025-11-12 22:03:06' ),
( '504', '2024-05-25', '2024-06-01', '9', '38', '7', '1259.93', '2024-05-25', '2024-06-01', '55', '56', '149.98', 'pending', '1409.91', '2025-11-12 22:03:06', '2025-11-12 22:03:06' ),
( '505', '2024-05-30', '2024-06-06', '10', '48', '7', '1329.93', '2024-05-30', '2024-06-06', '57', '58', '689.00', 'completed', '2018.93', '2025-11-12 22:03:06', '2025-11-12 22:03:06' ),
( '506', '2024-06-04', '2024-06-11', '11', '58', '7', '1259.93', '2024-06-04', '2024-06-11', '59', '60', '389.98', 'confirmed', '1649.91', '2025-11-12 22:03:06', '2025-11-12 22:03:06' ),
( '507', '2024-06-09', '2024-06-16', '12', '68', '7', '1399.93', '2024-06-09', '2024-06-16', '61', '62', '169.50', 'pending', '1569.43', '2025-11-12 22:03:06', '2025-11-12 22:03:06' ),
( '508', '2024-06-14', '2024-06-21', '13', '78', '7', '1119.93', '2024-06-14', '2024-06-21', '63', '64', '429.00', 'completed', '1548.93', '2025-11-12 22:03:06', '2025-11-12 22:03:06' ),
( '509', '2024-06-19', '2024-06-26', '14', '88', '7', '1259.93', '2024-06-19', '2024-06-26', '65', '66', '129.98', 'confirmed', '1389.91', '2025-11-12 22:03:06', '2025-11-12 22:03:06' ),
( '510', '2024-06-24', '2024-07-01', '15', '98', '7', '1259.93', '2024-06-24', '2024-07-01', '67', '68', '308.00', 'pending', '1567.93', '2025-11-12 22:03:06', '2025-11-12 22:03:06' ),
( '511', '2024-06-29', '2024-07-06', '16', '3', '7', '1328.25', '2024-06-29', '2024-07-06', '69', '70', '189.98', 'completed', '1518.23', '2025-11-12 22:03:06', '2025-11-12 22:03:06' ),
( '512', '2024-07-04', '2024-07-11', '17', '13', '7', '1609.93', '2024-07-04', '2024-07-11', '71', '72', '289.00', 'confirmed', '1898.93', '2025-11-12 22:03:06', '2025-11-12 22:03:06' ),
( '513', '2024-07-09', '2024-07-16', '18', '23', '7', '1604.75', '2024-07-09', '2024-07-16', '73', '74', '349.98', 'pending', '1954.73', '2025-11-12 22:03:06', '2025-11-12 22:03:06' ),
( '514', '2024-07-14', '2024-07-21', '19', '33', '7', '1119.93', '2024-07-14', '2024-07-21', '75', '76', '388.00', 'completed', '1507.93', '2025-11-12 22:03:06', '2025-11-12 22:03:06' ),
( '515', '2024-07-19', '2024-07-26', '20', '43', '7', '1324.75', '2024-07-19', '2024-07-26', '77', '78', '209.98', 'confirmed', '1534.73', '2025-11-12 22:03:06', '2025-11-12 22:03:06' ),
( '516', '2024-07-24', '2024-07-31', '21', '53', '7', '1256.50', '2024-07-24', '2024-07-31', '79', '80', '129.00', 'pending', '1385.50', '2025-11-12 22:03:06', '2025-11-12 22:03:06' ),
( '517', '2024-07-29', '2024-08-05', '22', '63', '7', '1119.93', '2024-07-29', '2024-08-05', '81', '82', '139.98', 'completed', '1259.91', '2025-11-12 22:03:06', '2025-11-12 22:03:06' ),
( '518', '2024-08-03', '2024-08-10', '23', '73', '7', '1259.93', '2024-08-03', '2024-08-10', '83', '84', '448.00', 'confirmed', '1707.93', '2025-11-12 22:03:06', '2025-11-12 22:03:06' ),
( '519', '2024-08-08', '2024-08-15', '24', '83', '7', '1399.93', '2024-08-08', '2024-08-15', '85', '86', '229.50', 'pending', '1629.43', '2025-11-12 22:03:06', '2025-11-12 22:03:06' ),
( '520', '2024-08-13', '2024-08-20', '25', '93', '7', '1259.93', '2024-08-13', '2024-08-20', '87', '88', '349.00', 'completed', '1608.93', '2025-11-12 22:03:06', '2025-11-12 22:03:06' ),
( '521', '2024-08-18', '2024-08-25', '26', '2', '7', '1746.50', '2024-08-18', '2024-08-25', '89', '90', '169.98', 'confirmed', '1916.48', '2025-11-12 22:03:06', '2025-11-12 22:03:06' ),
( '522', '2024-08-23', '2024-08-30', '27', '12', '7', '1394.75', '2024-08-23', '2024-08-30', '91', '92', '188.00', 'pending', '1582.75', '2025-11-12 22:03:06', '2025-11-12 22:03:06' ),
( '523', '2024-08-28', '2024-09-04', '28', '22', '7', '1539.93', '2024-08-28', '2024-09-04', '93', '94', '209.98', 'completed', '1749.91', '2025-11-12 22:03:06', '2025-11-12 22:03:06' ),
( '524', '2024-09-02', '2024-09-09', '29', '32', '7', '1259.93', '2024-09-02', '2024-09-09', '95', '96', '389.00', 'confirmed', '1648.93', '2025-11-12 22:03:06', '2025-11-12 22:03:06' ),
( '525', '2024-09-07', '2024-09-14', '30', '42', '7', '1399.93', '2024-09-07', '2024-09-14', '97', '98', '269.98', 'pending', '1669.91', '2025-11-12 22:03:06', '2025-11-12 22:03:06' ),
( '526', '2024-09-12', '2024-09-19', '31', '52', '7', '1259.93', '2024-09-12', '2024-09-19', '99', '100', '248.00', 'completed', '1507.93', '2025-11-12 22:03:06', '2025-11-12 22:03:06' ),
( '527', '2024-09-17', '2024-09-24', '32', '62', '7', '1329.93', '2024-09-17', '2024-09-24', '1', '2', '589.98', 'confirmed', '1919.91', '2025-11-12 22:03:06', '2025-11-12 22:03:06' ),
( '528', '2024-09-22', '2024-09-29', '33', '72', '7', '1049.93', '2024-09-22', '2024-09-29', '3', '4', '909.00', 'pending', '1958.93', '2025-11-12 22:03:06', '2025-11-12 22:03:06' ),
( '529', '2024-09-27', '2024-10-04', '34', '82', '7', '1399.93', '2024-09-27', '2024-10-04', '5', '6', '249.98', 'completed', '1649.91', '2025-11-12 22:03:06', '2025-11-12 22:03:06' ),
( '530', '2024-10-02', '2024-10-09', '35', '92', '7', '1119.93', '2024-10-02', '2024-10-09', '7', '8', '369.50', 'confirmed', '1489.43', '2025-11-12 22:03:06', '2025-11-12 22:03:06' ),
( '531', '2024-10-07', '2024-10-14', '36', '7', '7', '1539.93', '2024-10-07', '2024-10-14', '9', '10', '788.00', 'pending', '2327.93', '2025-11-12 22:03:06', '2025-11-12 22:03:06' ),
( '532', '2024-10-12', '2024-10-19', '37', '17', '7', '1679.93', '2024-10-12', '2024-10-19', '11', '12', '189.98', 'completed', '1869.91', '2025-11-12 22:03:06', '2025-11-12 22:03:06' ),
( '533', '2024-10-17', '2024-10-24', '38', '27', '7', '1609.93', '2024-10-17', '2024-10-24', '13', '14', '649.00', 'confirmed', '2258.93', '2025-11-12 22:03:06', '2025-11-12 22:03:06' ),
( '534', '2024-10-22', '2024-10-29', '39', '37', '7', '1186.50', '2024-10-22', '2024-10-29', '15', '16', '549.98', 'pending', '1736.48', '2025-11-12 22:03:06', '2025-11-12 22:03:06' ),
( '535', '2024-10-27', '2024-11-03', '40', '47', '7', '1394.75', '2024-10-27', '2024-11-03', '17', '18', '389.50', 'completed', '1784.25', '2025-11-12 22:03:06', '2025-11-12 22:03:06' ),
( '536', '2024-11-01', '2024-11-08', '41', '57', '7', '1259.93', '2024-11-01', '2024-11-08', '19', '20', '708.00', 'confirmed', '1967.93', '2025-11-12 22:03:06', '2025-11-12 22:03:06' ),
( '537', '2024-11-06', '2024-11-13', '42', '67', '7', '1329.93', '2024-11-06', '2024-11-13', '21', '22', '489.98', 'pending', '1819.91', '2025-11-12 22:03:06', '2025-11-12 22:03:06' ),
( '538', '2024-11-11', '2024-11-18', '43', '77', '7', '1119.93', '2024-11-11', '2024-11-18', '23', '24', '429.00', 'completed', '1548.93', '2025-11-12 22:03:06', '2025-11-12 22:03:06' ),
( '539', '2024-11-16', '2024-11-23', '44', '87', '7', '1399.93', '2024-11-16', '2024-11-23', '25', '26', '568.00', 'confirmed', '1967.93', '2025-11-12 22:03:06', '2025-11-12 22:03:06' ),
( '540', '2024-11-21', '2024-11-28', '45', '97', '7', '1259.93', '2024-11-21', '2024-11-28', '27', '28', '449.98', 'pending', '1709.91', '2025-11-12 22:03:06', '2025-11-12 22:03:06' ),
( '541', '2024-11-26', '2024-12-03', '46', '6', '7', '2304.75', '2024-11-26', '2024-12-03', '29', '30', '769.00', 'completed', '3073.75', '2025-11-12 22:03:06', '2025-11-12 22:03:06' ),
( '542', '2024-12-01', '2024-12-08', '47', '16', '7', '1958.25', '2024-12-01', '2024-12-08', '31', '32', '169.98', 'confirmed', '2128.23', '2025-11-12 22:03:06', '2025-11-12 22:03:06' ),
( '543', '2024-12-06', '2024-12-13', '48', '26', '7', '1468.25', '2024-12-06', '2024-12-13', '33', '34', '129.98', 'pending', '1598.23', '2025-11-12 22:03:06', '2025-11-12 22:03:06' ),
( '544', '2024-12-11', '2024-12-18', '49', '36', '7', '1329.93', '2024-12-11', '2024-12-18', '35', '36', '589.00', 'completed', '1918.93', '2025-11-12 22:03:06', '2025-11-12 22:03:06' ),
( '545', '2024-12-16', '2024-12-23', '50', '46', '7', '1259.93', '2024-12-16', '2024-12-23', '37', '38', '369.98', 'confirmed', '1629.91', '2025-11-12 22:03:06', '2025-11-12 22:03:06' ),
( '546', '2024-12-21', '2024-12-28', '51', '56', '7', '1329.93', '2024-12-21', '2024-12-28', '39', '40', '848.00', 'pending', '2177.93', '2025-11-12 22:03:06', '2025-11-12 22:03:06' ),
( '547', '2024-12-26', '2025-01-02', '52', '66', '7', '1399.93', '2024-12-26', '2025-01-02', '41', '42', '309.50', 'completed', '1709.43', '2025-11-12 22:03:06', '2025-11-12 22:03:06' ),
( '548', '2024-12-31', '2025-01-07', '53', '76', '7', '1394.75', '2024-12-31', '2025-01-07', '43', '44', '469.00', 'confirmed', '1863.75', '2025-11-12 22:03:06', '2025-11-12 22:03:06' ),
( '549', '2025-01-05', '2025-01-12', '54', '86', '7', '1399.93', '2025-01-05', '2025-01-12', '45', '46', '389.98', 'pending', '1789.91', '2025-11-12 22:03:06', '2025-11-12 22:03:06' ),
( '550', '2025-01-10', '2025-01-17', '55', '96', '7', '1259.93', '2025-01-10', '2025-01-17', '47', '48', '249.50', 'completed', '1509.43', '2025-11-12 22:03:06', '2025-11-12 22:03:06' ),
( '551', '2025-01-15', '2025-01-22', '56', '1', '7', '2099.93', '2025-01-15', '2025-01-22', '49', '50', '529.00', 'confirmed', '2628.93', '2025-11-12 22:03:06', '2025-11-12 22:03:06' ),
( '552', '2025-01-20', '2025-01-27', '57', '11', '7', '2169.93', '2025-01-20', '2025-01-27', '51', '52', '329.98', 'pending', '2499.91', '2025-11-12 22:03:06', '2025-11-12 22:03:06' ),
( '553', '2025-01-25', '2025-02-01', '58', '21', '7', '1326.50', '2025-01-25', '2025-02-01', '53', '54', '368.00', 'completed', '1694.50', '2025-11-12 22:03:06', '2025-11-12 22:03:06' ),
( '554', '2025-01-30', '2025-02-06', '59', '31', '7', '1119.93', '2025-01-30', '2025-02-06', '55', '56', '149.98', 'confirmed', '1269.91', '2025-11-12 22:03:06', '2025-11-12 22:03:06' ),
( '555', '2025-02-04', '2025-02-11', '60', '41', '7', '1609.93', '2025-02-04', '2025-02-11', '57', '58', '689.00', 'pending', '2298.93', '2025-11-12 22:03:06', '2025-11-12 22:03:06' ),
( '556', '2025-02-09', '2025-02-16', '61', '51', '7', '1256.50', '2025-02-09', '2025-02-16', '59', '60', '389.98', 'completed', '1646.48', '2025-11-12 22:03:06', '2025-11-12 22:03:06' ),
( '557', '2025-02-14', '2025-02-21', '62', '61', '7', '1609.93', '2025-02-14', '2025-02-21', '61', '62', '169.50', 'confirmed', '1779.43', '2025-11-12 22:03:06', '2025-11-12 22:03:06' ),
( '558', '2025-02-19', '2025-02-26', '63', '71', '7', '1679.93', '2025-02-19', '2025-02-26', '63', '64', '429.00', 'pending', '2108.93', '2025-11-12 22:03:06', '2025-11-12 22:03:06' ),
( '559', '2025-02-24', '2025-03-03', '64', '81', '7', '1399.93', '2025-02-24', '2025-03-03', '65', '66', '129.98', 'completed', '1529.91', '2025-11-12 22:03:06', '2025-11-12 22:03:06' ),
( '560', '2025-03-01', '2025-03-08', '65', '91', '7', '1329.93', '2025-03-01', '2025-03-08', '67', '68', '308.00', 'confirmed', '1637.93', '2025-11-12 22:03:06', '2025-11-12 22:03:06' ),
( '561', '2025-03-06', '2025-03-13', '66', '4', '7', '1119.93', '2025-03-06', '2025-03-13', '69', '70', '189.98', 'pending', '1309.91', '2025-11-12 22:03:06', '2025-11-12 22:03:06' ),
( '562', '2025-03-11', '2025-03-18', '67', '14', '7', '1886.50', '2025-03-11', '2025-03-18', '71', '72', '289.00', 'completed', '2175.50', '2025-11-12 22:03:06', '2025-11-12 22:03:06' ),
( '563', '2025-03-16', '2025-03-23', '68', '24', '7', '1259.93', '2025-03-16', '2025-03-23', '73', '74', '349.98', 'confirmed', '1609.91', '2025-11-12 22:03:06', '2025-11-12 22:03:06' ),
( '564', '2025-03-21', '2025-03-28', '69', '34', '7', '1399.93', '2025-03-21', '2025-03-28', '75', '76', '388.00', 'pending', '1787.93', '2025-11-12 22:03:06', '2025-11-12 22:03:06' ),
( '565', '2025-03-26', '2025-04-02', '70', '44', '7', '1399.93', '2025-03-26', '2025-04-02', '77', '78', '209.98', 'completed', '1609.91', '2025-11-12 22:03:06', '2025-11-12 22:03:06' ),
( '566', '2025-03-31', '2025-04-07', '71', '54', '7', '1329.93', '2025-03-31', '2025-04-07', '79', '80', '129.00', 'confirmed', '1458.93', '2025-11-12 22:03:06', '2025-11-12 22:03:06' ),
( '567', '2025-04-05', '2025-04-12', '72', '64', '7', '1399.93', '2025-04-05', '2025-04-12', '81', '82', '139.98', 'pending', '1539.91', '2025-11-12 22:03:06', '2025-11-12 22:03:06' ),
( '568', '2025-04-10', '2025-04-17', '73', '74', '7', '1259.93', '2025-04-10', '2025-04-17', '83', '84', '448.00', 'completed', '1707.93', '2025-11-12 22:03:06', '2025-11-12 22:03:06' ),
( '569', '2025-04-15', '2025-04-22', '74', '84', '7', '1399.93', '2025-04-15', '2025-04-22', '85', '86', '229.50', 'confirmed', '1629.43', '2025-11-12 22:03:06', '2025-11-12 22:03:06' ),
( '570', '2025-04-20', '2025-04-27', '75', '94', '7', '1259.93', '2025-04-20', '2025-04-27', '87', '88', '349.00', 'pending', '1608.93', '2025-11-12 22:03:06', '2025-11-12 22:03:06' ),
( '571', '2025-04-25', '2025-05-02', '76', '9', '7', '1256.50', '2025-04-25', '2025-05-02', '89', '90', '169.98', 'completed', '1426.48', '2025-11-12 22:03:06', '2025-11-12 22:03:06' ),
( '572', '2025-04-30', '2025-05-07', '77', '19', '7', '1744.75', '2025-04-30', '2025-05-07', '91', '92', '188.00', 'confirmed', '1932.75', '2025-11-12 22:03:06', '2025-11-12 22:03:06' ),
( '573', '2025-05-05', '2025-05-12', '78', '29', '7', '2379.93', '2025-05-05', '2025-05-12', '93', '94', '209.98', 'pending', '2589.91', '2025-11-12 22:03:06', '2025-11-12 22:03:06' ),
( '574', '2025-05-10', '2025-05-17', '79', '39', '7', '1114.75', '2025-05-10', '2025-05-17', '95', '96', '389.00', 'completed', '1503.75', '2025-11-12 22:03:06', '2025-11-12 22:03:06' ),
( '575', '2025-05-15', '2025-05-22', '80', '49', '7', '1609.93', '2025-05-15', '2025-05-22', '97', '98', '269.98', 'confirmed', '1879.91', '2025-11-12 22:03:06', '2025-11-12 22:03:06' ),
( '576', '2025-05-20', '2025-05-27', '81', '59', '7', '1256.50', '2025-05-20', '2025-05-27', '99', '100', '248.00', 'pending', '1504.50', '2025-11-12 22:03:06', '2025-11-12 22:03:06' ),
( '577', '2025-05-25', '2025-06-01', '82', '69', '7', '1186.50', '2025-05-25', '2025-06-01', '1', '2', '589.98', 'completed', '1776.48', '2025-11-12 22:03:06', '2025-11-12 22:03:06' ),
( '578', '2025-05-30', '2025-06-06', '83', '79', '7', '1119.93', '2025-05-30', '2025-06-06', '3', '4', '909.00', 'confirmed', '2028.93', '2025-11-12 22:03:06', '2025-11-12 22:03:06' ),
( '579', '2025-06-04', '2025-06-11', '84', '89', '7', '1329.93', '2025-06-04', '2025-06-11', '5', '6', '249.98', 'pending', '1579.91', '2025-11-12 22:03:06', '2025-11-12 22:03:06' ),
( '580', '2025-06-09', '2025-06-16', '85', '99', '7', '1049.93', '2025-06-09', '2025-06-16', '7', '8', '369.50', 'completed', '1419.43', '2025-11-12 22:03:06', '2025-11-12 22:03:06' ),
( '581', '2025-06-14', '2025-06-21', '86', '5', '7', '2793.00', '2025-06-14', '2025-06-21', '9', '10', '788.00', 'confirmed', '3581.00', '2025-11-12 22:03:06', '2025-11-12 22:03:06' ),
( '582', '2025-06-19', '2025-06-26', '87', '15', '7', '1329.93', '2025-06-19', '2025-06-26', '11', '12', '189.98', 'pending', '1519.91', '2025-11-12 22:03:06', '2025-11-12 22:03:06' ),
( '583', '2025-06-24', '2025-07-01', '88', '25', '7', '1046.50', '2025-06-24', '2025-07-01', '13', '14', '649.00', 'completed', '1695.50', '2025-11-12 22:03:06', '2025-11-12 22:03:06' ),
( '584', '2025-06-29', '2025-07-06', '89', '35', '7', '1186.50', '2025-06-29', '2025-07-06', '15', '16', '549.98', 'confirmed', '1736.48', '2025-11-12 22:03:06', '2025-11-12 22:03:06' ),
( '585', '2025-07-04', '2025-07-11', '90', '45', '7', '1049.93', '2025-07-04', '2025-07-11', '17', '18', '389.50', 'pending', '1439.43', '2025-11-12 22:03:06', '2025-11-12 22:03:06' ),
( '586', '2025-07-09', '2025-07-16', '91', '55', '7', '1329.93', '2025-07-09', '2025-07-16', '19', '20', '708.00', 'completed', '2037.93', '2025-11-12 22:03:06', '2025-11-12 22:03:06' ),
( '587', '2025-07-14', '2025-07-21', '92', '65', '7', '1186.50', '2025-07-14', '2025-07-21', '21', '22', '489.98', 'confirmed', '1676.48', '2025-11-12 22:03:06', '2025-11-12 22:03:06' ),
( '588', '2025-07-19', '2025-07-26', '93', '75', '7', '1329.93', '2025-07-19', '2025-07-26', '23', '24', '429.00', 'pending', '1758.93', '2025-11-12 22:03:06', '2025-11-12 22:03:06' ),
( '589', '2025-07-24', '2025-07-31', '94', '85', '7', '1399.93', '2025-07-24', '2025-07-31', '25', '26', '568.00', 'completed', '1967.93', '2025-11-12 22:03:06', '2025-11-12 22:03:06' ),
( '590', '2025-07-29', '2025-08-05', '95', '95', '7', '1119.93', '2025-07-29', '2025-08-05', '27', '28', '449.98', 'confirmed', '1569.91', '2025-11-12 22:03:06', '2025-11-12 22:03:06' ),
( '591', '2025-08-03', '2025-08-10', '96', '8', '7', '3213.00', '2025-08-03', '2025-08-10', '29', '30', '769.00', 'pending', '3982.00', '2025-11-12 22:03:06', '2025-11-12 22:03:06' ),
( '592', '2025-08-08', '2025-08-15', '97', '18', '7', '1189.93', '2025-08-08', '2025-08-15', '31', '32', '169.98', 'completed', '1359.91', '2025-11-12 22:03:06', '2025-11-12 22:03:06' ),
( '593', '2025-08-13', '2025-08-20', '98', '28', '7', '1394.75', '2025-08-13', '2025-08-20', '33', '34', '129.98', 'confirmed', '1524.73', '2025-11-12 22:03:06', '2025-11-12 22:03:06' ),
( '594', '2025-08-18', '2025-08-25', '99', '38', '7', '1259.93', '2025-08-18', '2025-08-25', '35', '36', '589.00', 'pending', '1848.93', '2025-11-12 22:03:06', '2025-11-12 22:03:06' );
COMMIT;
-- ---------------------------------------------------------


-- Dump data of "users" ------------------------------------
BEGIN;

INSERT INTO `users`(`user_id`,`NAME`,`gender`,`birth_date`,`marital_status`,`occupation`,`company`,`created_at`) VALUES 
( '1', 'John Smith', 'male', '1985-03-15', 'married', 'Software Engineer', 'Tech Corp', '2025-11-12 21:57:03' ),
( '2', 'Sarah Johnson', 'female', '1990-07-22', 'single', 'Marketing Manager', 'Global Marketing', '2025-11-12 21:57:03' ),
( '3', 'Michael Brown', 'male', '1982-11-08', 'divorced', 'Sales Director', 'Sales Pro', '2025-11-12 21:57:03' ),
( '4', 'Emily Davis', 'female', '1992-04-30', 'single', 'Graphic Designer', 'Creative Solutions', '2025-11-12 21:57:03' ),
( '5', 'Robert Wilson', 'male', '1978-09-12', 'married', 'Accountant', 'Finance Plus', '2025-11-12 21:57:03' ),
( '6', 'Lisa Anderson', 'female', '1988-12-05', 'married', 'Teacher', 'City Schools', '2025-11-12 21:57:03' ),
( '7', 'David Miller', 'male', '1991-06-18', 'single', 'Data Analyst', 'Data Insights', '2025-11-12 21:57:03' ),
( '8', 'Jennifer Lee', 'female', '1987-02-25', 'divorced', 'Project Manager', 'Tech Corp', '2025-11-12 21:57:03' ),
( '9', 'Christopher Taylor', 'male', '1983-08-14', 'married', 'Doctor', 'City Hospital', '2025-11-12 21:57:03' ),
( '10', 'Amanda White', 'female', '1993-01-10', 'single', 'Nurse', 'Medical Center', '2025-11-12 21:57:03' ),
( '11', 'James Martin', 'male', '1975-05-20', 'divorced', 'Lawyer', 'Legal Associates', '2025-11-12 21:57:03' ),
( '12', 'Michelle Garcia', 'female', '1989-10-15', 'married', 'HR Manager', 'People First', '2025-11-12 21:57:03' ),
( '13', 'Daniel Rodriguez', 'male', '1986-07-03', 'single', 'Software Developer', 'Tech Corp', '2025-11-12 21:57:03' ),
( '14', 'Jessica Martinez', 'female', '1994-03-28', 'single', 'Marketing Coordinator', 'Global Marketing', '2025-11-12 21:57:03' ),
( '15', 'Kevin Hernandez', 'male', '1980-12-12', 'married', 'Financial Advisor', 'Finance Plus', '2025-11-12 21:57:03' ),
( '16', 'Ashley Lopez', 'female', '1991-09-05', 'single', 'Teacher Assistant', 'City Schools', '2025-11-12 21:57:03' ),
( '17', 'Matthew Gonzalez', 'male', '1984-04-17', 'married', 'Sales Manager', 'Sales Pro', '2025-11-12 21:57:03' ),
( '18', 'Stephanie Perez', 'female', '1987-11-30', 'divorced', 'Design Director', 'Creative Solutions', '2025-11-12 21:57:03' ),
( '19', 'Andrew Wilson', 'male', '1979-06-22', 'married', 'Surgeon', 'City Hospital', '2025-11-12 21:57:03' ),
( '20', 'Nicole Moore', 'female', '1990-02-14', 'single', 'Pharmacist', 'Medical Center', '2025-11-12 21:57:03' ),
( '21', 'Joshua Jackson', 'male', '1988-08-08', 'single', 'Attorney', 'Legal Associates', '2025-11-12 21:57:03' ),
( '22', 'Megan Thompson', 'female', '1985-01-25', 'married', 'Recruiter', 'People First', '2025-11-12 21:57:03' ),
( '23', 'Ryan Clark', 'male', '1992-05-19', 'single', 'Frontend Developer', 'Tech Corp', '2025-11-12 21:57:03' ),
( '24', 'Kayla Lewis', 'female', '1989-12-03', 'married', 'Content Writer', 'Global Marketing', '2025-11-12 21:57:03' ),
( '25', 'Brandon Walker', 'male', '1983-03-27', 'divorced', 'Investment Banker', 'Finance Plus', '2025-11-12 21:57:03' ),
( '26', 'Samantha Hall', 'female', '1993-07-11', 'single', 'Substitute Teacher', 'City Schools', '2025-11-12 21:57:03' ),
( '27', 'Justin Allen', 'male', '1986-10-06', 'married', 'Account Executive', 'Sales Pro', '2025-11-12 21:57:03' ),
( '28', 'Brittany Young', 'female', '1991-04-21', 'single', 'UI/UX Designer', 'Creative Solutions', '2025-11-12 21:57:03' ),
( '29', 'Tyler King', 'male', '1980-09-14', 'married', 'Pediatrician', 'City Hospital', '2025-11-12 21:57:03' ),
( '30', 'Victoria Scott', 'female', '1987-02-28', 'divorced', 'Physical Therapist', 'Medical Center', '2025-11-12 21:57:03' ),
( '31', 'Jacob Green', 'male', '1994-06-09', 'single', 'Paralegal', 'Legal Associates', '2025-11-12 21:57:03' ),
( '32', 'Rachel Adams', 'female', '1988-11-24', 'married', 'HR Specialist', 'People First', '2025-11-12 21:57:03' ),
( '33', 'Nicholas Baker', 'male', '1985-08-17', 'single', 'Backend Developer', 'Tech Corp', '2025-11-12 21:57:03' ),
( '34', 'Lauren Nelson', 'female', '1992-01-12', 'single', 'Social Media Manager', 'Global Marketing', '2025-11-12 21:57:03' ),
( '35', 'Austin Carter', 'male', '1981-04-05', 'married', 'Financial Analyst', 'Finance Plus', '2025-11-12 21:57:03' ),
( '36', 'Olivia Mitchell', 'female', '1989-09-28', 'divorced', 'Principal', 'City Schools', '2025-11-12 21:57:03' ),
( '37', 'Kyle Perez', 'male', '1984-12-15', 'married', 'Regional Sales Director', 'Sales Pro', '2025-11-12 21:57:03' ),
( '38', 'Hannah Roberts', 'female', '1990-05-08', 'single', 'Art Director', 'Creative Solutions', '2025-11-12 21:57:03' ),
( '39', 'Jacob Turner', 'male', '1978-10-31', 'married', 'Cardiologist', 'City Hospital', '2025-11-12 21:57:03' ),
( '40', 'Alexis Phillips', 'female', '1986-03-26', 'single', 'Medical Assistant', 'Medical Center', '2025-11-12 21:57:03' ),
( '41', 'Cody Campbell', 'male', '1993-08-19', 'single', 'Legal Assistant', 'Legal Associates', '2025-11-12 21:57:03' ),
( '42', 'Mackenzie Parker', 'female', '1987-01-14', 'married', 'Talent Acquisition', 'People First', '2025-11-12 21:57:03' ),
( '43', 'Austin Evans', 'male', '1982-06-07', 'divorced', 'DevOps Engineer', 'Tech Corp', '2025-11-12 21:57:03' ),
( '44', 'Haley Edwards', 'female', '1991-11-30', 'single', 'Brand Manager', 'Global Marketing', '2025-11-12 21:57:03' ),
( '45', 'Dylan Collins', 'male', '1988-04-23', 'married', 'Wealth Manager', 'Finance Plus', '2025-11-12 21:57:03' ),
( '46', 'Jenna Stewart', 'female', '1985-09-16', 'married', 'Guidance Counselor', 'City Schools', '2025-11-12 21:57:03' ),
( '47', 'Connor Sanchez', 'male', '1990-02-09', 'single', 'Sales Representative', 'Sales Pro', '2025-11-12 21:57:03' ),
( '48', 'Paula Morris', 'female', '1983-07-04', 'divorced', 'Creative Director', 'Creative Solutions', '2025-11-12 21:57:03' ),
( '49', 'Jordan Rogers', 'male', '1979-12-27', 'married', 'Neurologist', 'City Hospital', '2025-11-12 21:57:03' ),
( '50', 'Sabrina Reed', 'female', '1994-05-20', 'single', 'Lab Technician', 'Medical Center', '2025-11-12 21:57:03' ),
( '51', 'Caleb Cook', 'male', '1986-10-13', 'single', 'Corporate Lawyer', 'Legal Associates', '2025-11-12 21:57:03' ),
( '52', 'Vanessa Morgan', 'female', '1991-03-08', 'married', 'HR Coordinator', 'People First', '2025-11-12 21:57:03' ),
( '53', 'Blake Bell', 'male', '1984-08-01', 'divorced', 'Full Stack Developer', 'Tech Corp', '2025-11-12 21:57:03' ),
( '54', 'Jillian Murphy', 'female', '1989-12-24', 'single', 'Digital Strategist', 'Global Marketing', '2025-11-12 21:57:03' ),
( '55', 'Garrett Bailey', 'male', '1980-05-17', 'married', 'Portfolio Manager', 'Finance Plus', '2025-11-12 21:57:03' ),
( '56', 'Cassandra Rivera', 'female', '1992-10-10', 'single', 'Special Ed Teacher', 'City Schools', '2025-11-12 21:57:03' ),
( '57', 'Devin Cooper', 'male', '1987-03-05', 'married', 'Business Development', 'Sales Pro', '2025-11-12 21:57:03' ),
( '58', 'Jocelyn Richardson', 'female', '1983-08-28', 'divorced', 'Product Designer', 'Creative Solutions', '2025-11-12 21:57:03' ),
( '59', 'Trevor Cox', 'male', '1978-01-21', 'married', 'Orthopedic Surgeon', 'City Hospital', '2025-11-12 21:57:03' ),
( '60', 'Kelsey Howard', 'female', '1993-06-14', 'single', 'Radiology Tech', 'Medical Center', '2025-11-12 21:57:03' ),
( '61', 'Jared Ward', 'male', '1985-11-07', 'single', 'Litigation Attorney', 'Legal Associates', '2025-11-12 21:57:03' ),
( '62', 'Monica Torres', 'female', '1990-04-02', 'married', 'Benefits Administrator', 'People First', '2025-11-12 21:57:03' ),
( '63', 'Riley Peterson', 'male', '1982-09-25', 'divorced', 'System Architect', 'Tech Corp', '2025-11-12 21:57:03' ),
( '64', 'Gabrielle Gray', 'female', '1988-02-18', 'single', 'Marketing Director', 'Global Marketing', '2025-11-12 21:57:03' ),
( '65', 'Cameron Ramirez', 'male', '1981-07-13', 'married', 'Risk Analyst', 'Finance Plus', '2025-11-12 21:57:03' ),
( '66', 'Brooke James', 'female', '1994-12-06', 'single', 'Math Teacher', 'City Schools', '2025-11-12 21:57:03' ),
( '67', 'Colton Watson', 'male', '1989-05-31', 'married', 'Account Manager', 'Sales Pro', '2025-11-12 21:57:03' ),
( '68', 'Danielle Brooks', 'female', '1984-10-24', 'divorced', 'UX Researcher', 'Creative Solutions', '2025-11-12 21:57:03' ),
( '69', 'Evan Kelly', 'male', '1977-03-19', 'married', 'Emergency Physician', 'City Hospital', '2025-11-12 21:57:03' ),
( '70', 'Rebecca Sanders', 'female', '1991-08-12', 'single', 'Nurse Practitioner', 'Medical Center', '2025-11-12 21:57:03' ),
( '71', 'Luke Price', 'male', '1986-01-05', 'single', 'Legal Counsel', 'Legal Associates', '2025-11-12 21:57:03' ),
( '72', 'Catherine Bennett', 'female', '1992-06-28', 'married', 'HR Director', 'People First', '2025-11-12 21:57:03' ),
( '73', 'Adam Wood', 'male', '1983-11-21', 'divorced', 'Cloud Engineer', 'Tech Corp', '2025-11-12 21:57:03' ),
( '74', 'Jacqueline Barnes', 'female', '1988-04-16', 'single', 'Product Manager', 'Global Marketing', '2025-11-12 21:57:03' ),
( '75', 'Henry Ross', 'male', '1979-09-09', 'married', 'Financial Controller', 'Finance Plus', '2025-11-12 21:57:03' ),
( '76', 'Lillian Henderson', 'female', '1993-02-02', 'single', 'Science Teacher', 'City Schools', '2025-11-12 21:57:03' ),
( '77', 'Nathan Coleman', 'male', '1987-07-27', 'married', 'VP of Sales', 'Sales Pro', '2025-11-12 21:57:03' ),
( '78', 'Mariah Jenkins', 'female', '1982-12-20', 'divorced', 'Design Manager', 'Creative Solutions', '2025-11-12 21:57:03' ),
( '79', 'Isaac Perry', 'male', '1976-05-15', 'married', 'Psychiatrist', 'City Hospital', '2025-11-12 21:57:03' ),
( '80', 'Erica Powell', 'female', '1990-10-08', 'single', 'Medical Director', 'Medical Center', '2025-11-12 21:57:03' ),
( '81', 'Sean Long', 'male', '1985-03-03', 'single', 'Senior Partner', 'Legal Associates', '2025-11-12 21:57:03' ),
( '82', 'Alexandra Patterson', 'female', '1991-08-26', 'married', 'Compensation Analyst', 'People First', '2025-11-12 21:57:03' ),
( '83', 'Carson Hughes', 'male', '1984-01-19', 'divorced', 'Security Engineer', 'Tech Corp', '2025-11-12 21:57:03' ),
( '84', 'Katherine Flores', 'female', '1989-06-12', 'single', 'Growth Marketer', 'Global Marketing', '2025-11-12 21:57:03' ),
( '85', 'Landon Washington', 'male', '1980-11-05', 'married', 'Investment Analyst', 'Finance Plus', '2025-11-12 21:57:03' ),
( '86', 'Molly Butler', 'female', '1994-04-30', 'single', 'History Teacher', 'City Schools', '2025-11-12 21:57:03' ),
( '87', 'Gavin Simmons', 'male', '1988-09-23', 'married', 'National Sales Manager', 'Sales Pro', '2025-11-12 21:57:03' ),
( '88', 'Jordyn Foster', 'female', '1983-02-16', 'divorced', 'Design Lead', 'Creative Solutions', '2025-11-12 21:57:03' ),
( '89', 'Cole Gonzales', 'male', '1978-07-11', 'married', 'General Practitioner', 'City Hospital', '2025-11-12 21:57:03' ),
( '90', 'Kylie Bryant', 'female', '1992-12-04', 'single', 'Surgical Nurse', 'Medical Center', '2025-11-12 21:57:03' ),
( '91', 'Max Alexander', 'male', '1987-05-29', 'single', 'Legal Advisor', 'Legal Associates', '2025-11-12 21:57:03' ),
( '92', 'Miranda Russell', 'female', '1990-10-22', 'married', 'HR Manager', 'People First', '2025-11-12 21:57:03' ),
( '93', 'Xavier Griffin', 'male', '1981-03-17', 'divorced', 'Database Administrator', 'Tech Corp', '2025-11-12 21:57:03' ),
( '94', 'Jasmine Diaz', 'female', '1986-08-10', 'single', 'Content Strategist', 'Global Marketing', '2025-11-12 21:57:03' ),
( '95', 'Ian Hayes', 'male', '1977-01-03', 'married', 'Treasury Analyst', 'Finance Plus', '2025-11-12 21:57:03' ),
( '96', 'Madeline Myers', 'female', '1993-06-26', 'single', 'English Teacher', 'City Schools', '2025-11-12 21:57:03' ),
( '97', 'Chase Ford', 'male', '1989-11-19', 'married', 'Sales Director', 'Sales Pro', '2025-11-12 21:57:03' ),
( '98', 'Angelina Hamilton', 'female', '1984-04-14', 'divorced', 'Senior Designer', 'Creative Solutions', '2025-11-12 21:57:03' ),
( '99', 'Bryce Graham', 'male', '1979-09-07', 'married', 'Anesthesiologist', 'City Hospital', '2025-11-12 21:57:03' ),
( '100', 'Sophia Chen', 'female', '1995-08-17', 'single', 'Data Scientist', 'Tech Innovations', '2025-11-12 21:57:03' );
COMMIT;
-- ---------------------------------------------------------


-- CREATE INDEX "idx_flight_date" ------------------------------
CREATE INDEX `idx_flight_date` USING BTREE ON `flights`( `flight_date` );
-- -------------------------------------------------------------


-- CREATE INDEX "idx_from_city" --------------------------------
CREATE INDEX `idx_from_city` USING BTREE ON `flights`( `from_city` );
-- -------------------------------------------------------------


-- CREATE INDEX "idx_route" ------------------------------------
CREATE INDEX `idx_route` USING BTREE ON `flights`( `from_city`, `to_city` );
-- -------------------------------------------------------------


-- CREATE INDEX "idx_to_city" ----------------------------------
CREATE INDEX `idx_to_city` USING BTREE ON `flights`( `to_city` );
-- -------------------------------------------------------------


-- CREATE INDEX "idx_city" -------------------------------------
CREATE INDEX `idx_city` USING BTREE ON `hotels`( `city` );
-- -------------------------------------------------------------


-- CREATE INDEX "idx_check_in_date" ----------------------------
CREATE INDEX `idx_check_in_date` USING BTREE ON `trips`( `check_in_date` );
-- -------------------------------------------------------------


-- CREATE INDEX "idx_hotel_id" ---------------------------------
CREATE INDEX `idx_hotel_id` USING BTREE ON `trips`( `hotel_id` );
-- -------------------------------------------------------------


-- CREATE INDEX "idx_outbound_flight_id" -----------------------
CREATE INDEX `idx_outbound_flight_id` USING BTREE ON `trips`( `outbound_flight_id` );
-- -------------------------------------------------------------


-- CREATE INDEX "idx_return_flight_id" -------------------------
CREATE INDEX `idx_return_flight_id` USING BTREE ON `trips`( `return_flight_id` );
-- -------------------------------------------------------------


-- CREATE INDEX "idx_trip_enddate_user" ------------------------
CREATE INDEX `idx_trip_enddate_user` USING BTREE ON `trips`( `trip_end_date`, `user_id` );
-- -------------------------------------------------------------


-- CREATE INDEX "idx_trip_startdate_user" ----------------------
CREATE INDEX `idx_trip_startdate_user` USING BTREE ON `trips`( `trip_start_date`, `user_id` );
-- -------------------------------------------------------------


-- CREATE INDEX "idx_user_id" ----------------------------------
CREATE INDEX `idx_user_id` USING BTREE ON `trips`( `user_id` );
-- -------------------------------------------------------------


-- CREATE INDEX "idx_company" ----------------------------------
CREATE INDEX `idx_company` USING BTREE ON `users`( `company` );
-- -------------------------------------------------------------


-- CREATE LINK "fk_trips_hotel" --------------------------------
ALTER TABLE `trips`
	ADD CONSTRAINT `fk_trips_hotel` FOREIGN KEY ( `hotel_id` )
	REFERENCES `hotels`( `hotel_id` )
	ON DELETE Set NULL
	ON UPDATE No Action;
-- -------------------------------------------------------------


-- CREATE LINK "fk_trips_out_f" --------------------------------
ALTER TABLE `trips`
	ADD CONSTRAINT `fk_trips_out_f` FOREIGN KEY ( `outbound_flight_id` )
	REFERENCES `flights`( `flight_id` )
	ON DELETE Set NULL
	ON UPDATE No Action;
-- -------------------------------------------------------------


-- CREATE LINK "fk_trips_ret_f" --------------------------------
ALTER TABLE `trips`
	ADD CONSTRAINT `fk_trips_ret_f` FOREIGN KEY ( `return_flight_id` )
	REFERENCES `flights`( `flight_id` )
	ON DELETE Set NULL
	ON UPDATE No Action;
-- -------------------------------------------------------------


-- CREATE LINK "fk_trips_user" ---------------------------------
ALTER TABLE `trips`
	ADD CONSTRAINT `fk_trips_user` FOREIGN KEY ( `user_id` )
	REFERENCES `users`( `user_id` )
	ON DELETE Cascade
	ON UPDATE No Action;
-- -------------------------------------------------------------


/*!40101 SET SQL_MODE=@OLD_SQL_MODE */;
/*!40014 SET FOREIGN_KEY_CHECKS=@OLD_FOREIGN_KEY_CHECKS */;
/*!40101 SET CHARACTER_SET_CLIENT=@OLD_CHARACTER_SET_CLIENT */;
/*!40101 SET CHARACTER_SET_RESULTS=@OLD_CHARACTER_SET_RESULTS */;
/*!40101 SET COLLATION_CONNECTION=@OLD_COLLATION_CONNECTION */;
-- ---------------------------------------------------------


